tweet_text,username,location,favorite_count,retweet_count,followers_count,statuses_count,timestamp,verified,coordinates,all_hashtags
Shame so many of my friends canceled their trips to #Japan and #SouthKorea be cause of the #CoronaVirus #Corona,RealHeDi,Earth üåè,0,0,353,85456,2020-03-01 09:14:02,False,,"#Japan, #SouthKorea, #CoronaVirus, #Corona"
"RT @IndoPac_Info: #coronavirus Worldwide Case Count:   Just updated: New cases in 33 countries  New deaths in #USA, #Italy, #Japan &amp; #Austr‚Ä¶",BackSayur,,0,36,1032,23752,2020-03-01 09:13:40,False,,"#coronavirus, #USA, #Italy, #Japan"
"RT @11GroupLtd: Well, the new situation right now.  #coronavirus #China #Italy #covid19 #Wuhanoutbreak #chinanews #virus #Corona #news #jap‚Ä¶",brandonveucaso5,,0,41,0,39,2020-03-01 09:13:40,False,,"#coronavirus, #China, #Italy, #covid19, #Wuhanoutbreak, #chinanews, #virus, #Corona, #news"
Sumo tourney to be held without spectators  #CoronaVirusUpdate #CoronaVirusJapan #Japan #CoronaVirus #„Ç≥„É≠„Éä„Ç¶„Ç£„É´„Çπ   https://t.co/k0XPF9MOPq,EriMinAdventure,Japan,1,0,954,1756,2020-03-01 09:13:12,False,,"#CoronaVirusUpdate, #CoronaVirusJapan, #Japan, #CoronaVirus, #„Ç≥„É≠„Éä„Ç¶„Ç£„É´„Çπ"
Jiji: #Japan PM Abe says the government will buy face masks to give them to #Hokkaido residents. #2019nCoV‚Ä¶ https://t.co/t1GgkzKfGM,SHIMADEN,Japan,0,0,1385,196946,2020-03-01 09:12:55,False,,"#Japan, #Hokkaido, #2019nCoV"
RT @KjeldDuits: Important word in #Japan's media today because of the many rumors related to #coronavirus #COVID19:  „Éá„Éû (dema)  False rumor‚Ä¶,s4061555,Kobe-shi Hyougo,0,5,913,25758,2020-03-01 09:08:56,False,,"#Japan, #coronavirus, #COVID19"
RT @KjeldDuits: #CORONAVIRUS PROFITEERING  #Japan requests major internet retail sites to ban individuals from selling face masks  Hoarding‚Ä¶,s4061555,Kobe-shi Hyougo,0,6,913,25758,2020-03-01 09:06:45,False,,"#CORONAVIRUS, #Japan"
RT @NHKWORLD_News: The total number of confirmed infections with the new #coronavirus in #Japan stands at 947 as of 10:30 a.m. Sunday. They‚Ä¶,fruitoftheloom2,london,0,81,236,2073,2020-03-01 09:05:41,False,,"#coronavirus, #Japan"
"RT @IndoPac_Info: #coronavirus Worldwide Case Count:   Just updated: New cases in 33 countries  New deaths in #USA, #Italy, #Japan &amp; #Austr‚Ä¶",nutricula_12,"Kota Makassar, Sulawesi Selata",0,36,80,2161,2020-03-01 09:04:15,False,,"#coronavirus, #USA, #Italy, #Japan"
"RT @IndoPac_Info: #coronavirus Worldwide Case Count:   Just updated: New cases in 33 countries  New deaths in #USA, #Italy, #Japan &amp; #Austr‚Ä¶",Saifmir161,Pakistan,0,36,373,27010,2020-03-01 09:03:48,False,,"#coronavirus, #USA, #Italy, #Japan"
RT @KjeldDuits: #CORONAVIRUS PROFITEERING  #Japan requests major internet retail sites to ban individuals from selling face masks  Hoarding‚Ä¶,akir8yana1,Japan(@sugitayukie„ÇíÂøò„Çå„Å™„ÅÑ),0,6,479,37672,2020-03-01 09:01:59,False,,"#CORONAVIRUS, #Japan"
"Japan‚Äôs Abe faces mounting anger over school closures, lack of virus testing - The Washington Post  In #Japan, it h‚Ä¶ https://t.co/sft1lRR1xe",RobeltHongo,Êñá‰∫¨Âå∫Êú¨ÈÉ∑,0,0,622,921,2020-03-01 08:59:51,False,,#Japan
"RT @IndoPac_Info: #coronavirus Worldwide Case Count:   Just updated: New cases in 33 countries  New deaths in #USA, #Italy, #Japan &amp; #Austr‚Ä¶",toxittie,"Kansas, USA",0,36,210,10383,2020-03-01 08:58:07,False,,"#coronavirus, #USA, #Italy, #Japan"
"RT @IndoPac_Info: #coronavirus Worldwide Case Count:   Just updated: New cases in 33 countries  New deaths in #USA, #Italy, #Japan &amp; #Austr‚Ä¶",mSVDLKCLdc62JrG,Êó•Êú¨,0,36,242,867,2020-03-01 08:54:57,False,,"#coronavirus, #USA, #Italy, #Japan"
RT @NHKWORLD_News: The total number of confirmed infections with the new #coronavirus in #Japan stands at 947 as of 10:30 a.m. Sunday. They‚Ä¶,NteesLunathea,,0,81,335,12564,2020-03-01 08:54:42,False,,"#coronavirus, #Japan"
RT @kat_hara_Nikkei: Xi and Abe #Japan summit likely postponed over #coronavirus crisis  #COVID2019 #China  https://t.co/QSODWYErzO,cscmarkets,"Manhattan, NY",0,3,23,8506,2020-03-01 08:54:01,False,,"#Japan, #coronavirus, #COVID2019, #China"
#Japan #COVID19 case: #Kochi prefectural government official https://t.co/KUnHAj1pAS https://t.co/UiqLMGFL22 30s wo‚Ä¶ https://t.co/GunLY9mqYf,makoto_au_japon,#Gen√®ve #Geneva üá®üá≠ or #Japan,0,0,2348,84695,2020-03-01 08:53:37,False,,"#Japan, #COVID19, #Kochi"
RT @kat_hara_Nikkei: Xi and Abe #Japan summit likely postponed over #coronavirus crisis  #COVID2019 #China  https://t.co/QSODWYErzO,cseh_andreas,"Malibu, CA",0,3,189,32558,2020-03-01 08:50:22,False,,"#Japan, #coronavirus, #COVID2019, #China"
"RT @IndoPac_Info: #coronavirus Worldwide Case Count:   Just updated: New cases in 33 countries  New deaths in #USA, #Italy, #Japan &amp; #Austr‚Ä¶",ThierryLabro,Entre #Luxembourg et #Metz,0,36,7081,78711,2020-03-01 08:49:48,False,,"#coronavirus, #USA, #Italy, #Japan"
RT @NHKWORLD_News: The total number of confirmed infections with the new #coronavirus in #Japan stands at 947 as of 10:30 a.m. Sunday. They‚Ä¶,HildeBCM,"Middle of nowhere, Belgium",0,81,537,55609,2020-03-01 08:49:46,False,,"#coronavirus, #Japan"
RT @newsfreak1984: BREAKING The #Japan #Sumo Association has decided that the Spring Grand Sumo Tournament will be held without spectators‚Ä¶,Ecmw3,,0,2,43,1525,2020-03-01 08:49:42,False,,"#Japan, #Sumo"
"RT @IndoPac_Info: #coronavirus Worldwide Case Count:   Just updated: New cases in 33 countries  New deaths in #USA, #Italy, #Japan &amp; #Austr‚Ä¶",needlesineyes,,0,36,518,11921,2020-03-01 08:46:52,False,,"#coronavirus, #USA, #Italy, #Japan"
"RT @IndoPac_Info: #coronavirus Worldwide Case Count:   Just updated: New cases in 33 countries  New deaths in #USA, #Italy, #Japan &amp; #Austr‚Ä¶",TibetPeople,,0,36,3913,54276,2020-03-01 08:46:44,False,,"#coronavirus, #USA, #Italy, #Japan"
#japan #coronavirus Coronavirus map:  There are infected people from Japanese who got off the cruise ship. More tha‚Ä¶ https://t.co/3Xmp2Acqft,burakkymike,,0,0,41,3366,2020-03-01 08:46:07,False,,"#japan, #coronavirus"
"A line of masked spectators raises muffled cheers for elite marathon runners, and a baseball bat's thud on a ball e‚Ä¶ https://t.co/3pFXBIoWvk",PeninsulaQatar,Qatar,0,0,31737,198456,2020-03-01 08:45:00,True,,
"RT @W7VOA: A man in his 70s, who may have caught #coronavirus in hospital, dies in Hokkaido. It is the sixth #COVID19 fatality in #Japan, e‚Ä¶",Incident_Alerts,ASIA,0,19,5745,98913,2020-03-01 08:41:07,False,,"#coronavirus, #COVID19, #Japan"
RT @kat_hara_Nikkei: Xi and Abe #Japan summit likely postponed over #coronavirus crisis  #COVID2019 #China  https://t.co/QSODWYErzO,iflickerman,,0,3,208,76709,2020-03-01 08:39:35,False,,"#Japan, #coronavirus, #COVID2019, #China"
"RT @IndoPac_Info: #coronavirus Worldwide Case Count:   Just updated: New cases in 33 countries  New deaths in #USA, #Italy, #Japan &amp; #Austr‚Ä¶",Anshuman230,"New Delhi, India",0,36,197,8255,2020-03-01 08:37:31,False,,"#coronavirus, #USA, #Italy, #Japan"
"In japan, many opinions are discussed about cornavirus. #japan #Coronavirus",29Working,,0,0,0,2,2020-03-01 08:34:58,False,,"#japan, #Coronavirus"
Xi and Abe #Japan summit likely postponed over #coronavirus crisis  #COVID2019 #China  https://t.co/QSODWYErzO,kat_hara_Nikkei,Tokyo,0,3,252,1075,2020-03-01 08:34:55,False,,"#Japan, #coronavirus, #COVID2019, #China"
"RT @wewwzh: Shipping via EMS air express, Dhl, Fedex, TNT,UPS. Worldwide shipping, 5days to get the package. N95 face mask. Quick, will gon‚Ä¶",vasozl,Shanghai,0,1,15,56,2020-03-01 08:34:44,False,,
"RT @ChinaDaily: The Chinese government will donate 5,000 sets of protective clothing and 100,000 masks to #Japan in batches, the first two‚Ä¶",ifanidea,Indonesia,0,51,213,6242,2020-03-01 08:32:25,False,,#Japan
Polish Spirytus 95% vodka being used to kill bacteria as alcohol sanitizers are all sold out in Japan. Shop normall‚Ä¶ https://t.co/eHBhJS08zv,EbisuHapa,"Tokyo-to, Japan",1,0,44,1877,2020-03-01 08:31:36,False,,
RT @newsfreak1984: BREAKING The #Japan #Sumo Association has decided that the Spring Grand Sumo Tournament will be held without spectators‚Ä¶,becca34725661,Australia,0,2,61,5631,2020-03-01 08:27:19,False,,"#Japan, #Sumo"
BREAKING The #Japan #Sumo Association has decided that the Spring Grand Sumo Tournament will be held without specta‚Ä¶ https://t.co/hPnnlCBpif,newsfreak1984,,3,2,704,2115,2020-03-01 08:26:52,False,,"#Japan, #Sumo"
RT @poisonedpshow: This is what's coming to the U.S and the #CDC is downplaying the situation. All flights from affected locations should b‚Ä¶,SallyannMcclel1,,0,35,17,1867,2020-03-01 08:23:35,False,,#CDC
"RT @IndoPac_Info: #coronavirus Worldwide Case Count:   Just updated: New cases in 33 countries  New deaths in #USA, #Italy, #Japan &amp; #Austr‚Ä¶",HCYHK,,0,36,220,114217,2020-03-01 08:23:27,False,,"#coronavirus, #USA, #Italy, #Japan"
"RT @NHKWORLD_News: To contain the coronavirus, Japan's government wants to close all schools for the rest of the term. That could affect 12‚Ä¶",Monaco_Trader,Europe,0,62,250,3394,2020-03-01 08:23:08,False,,
We  update new you tube video. Interview about coronavirus in Japan. #japan #corona #coronavirus #osaka #tokyo‚Ä¶ https://t.co/yujRzKHNgN,JLE2020official,Japan,0,0,5,25,2020-03-01 08:18:52,False,,"#japan, #corona, #coronavirus, #osaka, #tokyo"
RT @eigonomics: Sumo: March tournament to be held behind closed doors due to virus #coronavirus #Japan   https://t.co/X0HI9b6EOX via @thema‚Ä¶,Aviranetiano,,0,1,489,56492,2020-03-01 08:18:07,False,,"#coronavirus, #Japan"
"RT @IndoPac_Info: #coronavirus Worldwide Case Count:   Just updated: New cases in 33 countries  New deaths in #USA, #Italy, #Japan &amp; #Austr‚Ä¶",LibraAlvin,Makati City,0,36,96,14443,2020-03-01 08:15:53,False,,"#coronavirus, #USA, #Italy, #Japan"
*NEW VIDEO ALERT* If you have a trip to #Japan coming up and are worried about the #Coronavirus then I'm here to he‚Ä¶ https://t.co/Y0AmkLlnUd,BoldNewWorld1,Japan,0,0,10,60,2020-03-01 08:15:10,False,,"#Japan, #Coronavirus"
RT @NHKWORLD_News: The total number of confirmed infections with the new #coronavirus in #Japan stands at 947 as of 10:30 a.m. Sunday. They‚Ä¶,JF_XVII,,0,81,55,7990,2020-03-01 08:14:52,False,,"#coronavirus, #Japan"
"RT @IndoPac_Info: #coronavirus Worldwide Case Count:   Just updated: New cases in 33 countries  New deaths in #USA, #Italy, #Japan &amp; #Austr‚Ä¶",rrosales1975,Quito-Ecuador,0,36,569,8639,2020-03-01 08:14:26,False,,"#coronavirus, #USA, #Italy, #Japan"
#Editorial: Groundwork needed to resume events canceled by #coronavirus #outbreak #Japan #events #cancellation‚Ä¶ https://t.co/dSEdOSUCGY,The_Japan_News,"Tokyo, Japan",3,0,166922,2376,2020-03-01 08:11:57,True,,"#Editorial, #coronavirus, #outbreak, #Japan, #events, #cancellation"
"Panic purchases in #Japan amid #COVID19, #coronavirus scare üßêüò∑ü§íü§ß‚ò†Ô∏è  https://t.co/Y3qpotDhAz",admit2sin,"London, England",1,0,6513,21763,2020-03-01 08:09:59,False,,"#Japan, #COVID19, #coronavirus"
RT @NHKWORLD_News: The total number of confirmed infections with the new #coronavirus in #Japan stands at 947 as of 10:30 a.m. Sunday. They‚Ä¶,nanvald,‚Äî‚Äî/,0,81,163,9131,2020-03-01 08:08:32,False,,"#coronavirus, #Japan"
#BREAKING  3 people at #Osaka concert venue in #japan found infected with #coronavirus   https://t.co/ZXGu9emU9c,newsfreak1984,,2,0,704,2115,2020-03-01 08:06:40,False,,"#BREAKING, #Osaka, #japan, #coronavirus"
RT @NHKWORLD_News: The total number of confirmed infections with the new #coronavirus in #Japan stands at 947 as of 10:30 a.m. Sunday. They‚Ä¶,LucieTsubaki,JAPON,0,81,132,1163,2020-03-01 08:05:55,False,,"#coronavirus, #Japan"
"RT @IndoPac_Info: #coronavirus Worldwide Case Count:   Just updated: New cases in 33 countries  New deaths in #USA, #Italy, #Japan &amp; #Austr‚Ä¶",redmoon0088,JapanüáØüáµ,0,36,202,95147,2020-03-01 08:05:09,False,,"#coronavirus, #USA, #Italy, #Japan"
"RT @IndoPac_Info: #coronavirus Worldwide Case Count:   Just updated: New cases in 33 countries  New deaths in #USA, #Italy, #Japan &amp; #Austr‚Ä¶",apriliadwia,Sawangan - Indonesia,0,36,56,160,2020-03-01 08:04:31,False,,"#coronavirus, #USA, #Italy, #Japan"
The total number of confirmed infections with the new #coronavirus in #Japan stands at 947 as of 10:30 a.m. Sunday.‚Ä¶ https://t.co/qKK4KV9ED8,Brought_to_You,,1,0,89,226990,2020-03-01 08:03:31,False,,"#coronavirus, #Japan"
"To contain the coronavirus, Japan's government wants to close all schools for the rest of the term. That could affe‚Ä¶ https://t.co/fBYsSUY5Ik",Brought_to_You,,0,0,89,226990,2020-03-01 08:03:26,False,,
Sumo: March tournament to be held behind closed doors due to virus #coronavirus #Japan   https://t.co/X0HI9b6EOX via @themainichi,eigonomics,Tokyo Japan Êù±‰∫¨ Êó•Êú¨,0,1,100,6378,2020-03-01 08:00:01,False,,"#coronavirus, #Japan"
"RT @IndoPac_Info: #coronavirus Worldwide Case Count:   Just updated: New cases in 33 countries  New deaths in #USA, #Italy, #Japan &amp; #Austr‚Ä¶",maxfungo5566,"Wedding, Berlin",0,36,17,2447,2020-03-01 07:59:24,False,,"#coronavirus, #USA, #Italy, #Japan"
"RT @Lars9596: #CoronaVirus-mortality-rates differ strongly:  - #Japan 241 cases, 6 died (under 3%) - #Italy now 1.128 cases, 29 died (just‚Ä¶",GabiKinga11,,0,5,162,8234,2020-03-01 07:57:22,False,,"#CoronaVirus, #Japan, #Italy"
"RT @IndoPac_Info: #coronavirus Worldwide Case Count:   Just updated: New cases in 33 countries  New deaths in #USA, #Italy, #Japan &amp; #Austr‚Ä¶",Chako87360298,,0,36,193,6793,2020-03-01 07:56:19,False,,"#coronavirus, #USA, #Italy, #Japan"
"RT @ians_india: #Australia recorded its first #coronavirus death after a 78-year-old patient, who was evacuated from the quarantines Diamon‚Ä¶",irfanmachhiwala,"Mumbai, India",0,4,478,9834,2020-03-01 07:55:02,False,,"#Australia, #coronavirus"
"RT @Lars9596: #CoronaVirus-mortality-rates differ strongly:  - #Japan 241 cases, 6 died (under 3%) - #Italy now 1.128 cases, 29 died (just‚Ä¶",CapAlpha,"Berlin, Germany",0,5,343,6596,2020-03-01 07:51:14,False,,"#CoronaVirus, #Japan, #Italy"
"RT @IndoPac_Info: #coronavirus Worldwide Case Count:   Just updated: New cases in 33 countries  New deaths in #USA, #Italy, #Japan &amp; #Austr‚Ä¶",ciarraighli,northern california,0,36,65,13014,2020-03-01 07:50:41,False,,"#coronavirus, #USA, #Italy, #Japan"
"RT @IndoPac_Info: #coronavirus Worldwide Case Count:   Just updated: New cases in 33 countries  New deaths in #USA, #Italy, #Japan &amp; #Austr‚Ä¶",kane_chow97,,0,36,2766,7039,2020-03-01 07:46:21,False,,"#coronavirus, #USA, #Italy, #Japan"
"RT @IndoPac_Info: #coronavirus Worldwide Case Count:   Just updated: New cases in 33 countries  New deaths in #USA, #Italy, #Japan &amp; #Austr‚Ä¶",lazyworm5,,0,36,159,7294,2020-03-01 07:40:51,False,,"#coronavirus, #USA, #Italy, #Japan"
RT @NHKWORLD_News: The total number of confirmed infections with the new #coronavirus in #Japan stands at 947 as of 10:30 a.m. Sunday. They‚Ä¶,markofbattersea,London,0,81,248,32475,2020-03-01 07:40:40,False,,"#coronavirus, #Japan"
"RT @W7VOA: A man in his 70s, who may have caught #coronavirus in hospital, dies in Hokkaido. It is the sixth #COVID19 fatality in #Japan, e‚Ä¶",lamb4congress,"Wasilla, AK",0,19,69,6942,2020-03-01 07:37:43,False,,"#coronavirus, #COVID19, #Japan"
"RT @IndoPac_Info: #coronavirus Worldwide Case Count:   Just updated: New cases in 33 countries  New deaths in #USA, #Italy, #Japan &amp; #Austr‚Ä¶",TinfoilBob,,0,36,60,652,2020-03-01 07:37:29,False,,"#coronavirus, #USA, #Italy, #Japan"
"RT @IndoPac_Info: #coronavirus Worldwide Case Count:   Just updated: New cases in 35 countries  4 new deaths each in #SouthKorea &amp; #Italy,‚Ä¶",JohnronP,,0,78,979,41603,2020-03-01 07:36:53,False,,"#coronavirus, #SouthKorea, #Italy"
"RT @IndoPac_Info: #coronavirus Worldwide Case Count:   Just updated: New cases in 33 countries  New deaths in #USA, #Italy, #Japan &amp; #Austr‚Ä¶",shaarng,"New Delhi, India",0,36,718,77134,2020-03-01 07:34:04,False,,"#coronavirus, #USA, #Italy, #Japan"
"According to the famous #Taiwan medium SETN: #Japanese envy the efficiency of epidemic prevention of Taiwan, Taiwan‚Ä¶ https://t.co/TbGVT1juCl",Cmw8G,,0,0,32,534,2020-03-01 07:31:36,False,,"#Taiwan, #Japanese"
"RT @ians_india: #Australia recorded its first #coronavirus death after a 78-year-old patient, who was evacuated from the quarantines Diamon‚Ä¶",Monuabhi89,India,0,4,48,21017,2020-03-01 07:30:50,False,,"#Australia, #coronavirus"
"RT @IndoPac_Info: #coronavirus Worldwide Case Count:   Just updated: New cases in 33 countries  New deaths in #USA, #Italy, #Japan &amp; #Austr‚Ä¶",PratikDShinde,San Francisco,0,36,59,7080,2020-03-01 07:27:56,False,,"#coronavirus, #USA, #Italy, #Japan"
"RT @IndoPac_Info: #coronavirus Worldwide Case Count:   Just updated: New cases in 33 countries  New deaths in #USA, #Italy, #Japan &amp; #Austr‚Ä¶",Pinavestt,,0,36,80,3968,2020-03-01 07:25:18,False,,"#coronavirus, #USA, #Italy, #Japan"
"RT @Lars9596: #CoronaVirus-mortality-rates differ strongly:  - #Japan 241 cases, 6 died (under 3%) - #Italy now 1.128 cases, 29 died (just‚Ä¶",QueenOfTheWilis,Abbey of Thelema,0,5,1349,229059,2020-03-01 07:24:50,False,,"#CoronaVirus, #Japan, #Italy"
"RT @IndoPac_Info: #coronavirus Worldwide Case Count:   Just updated: New cases in 33 countries  New deaths in #USA, #Italy, #Japan &amp; #Austr‚Ä¶",seororo_O,,0,36,1168,234057,2020-03-01 07:23:00,False,,"#coronavirus, #USA, #Italy, #Japan"
"RT @IndoPac_Info: #coronavirus Worldwide Case Count:   Just updated: New cases in 33 countries  New deaths in #USA, #Italy, #Japan &amp; #Austr‚Ä¶",ValkyrieArmed,Taiwan,0,36,205,29128,2020-03-01 07:20:48,False,,"#coronavirus, #USA, #Italy, #Japan"
"RT @Lars9596: #CoronaVirus-mortality-rates differ strongly:  - #Japan 241 cases, 6 died (under 3%) - #Italy now 1.128 cases, 29 died (just‚Ä¶",Natteramnoslo,"Oslo, Norge",0,5,6840,522615,2020-03-01 07:19:18,False,,"#CoronaVirus, #Japan, #Italy"
RT @NewAgeBDcom: #One #Die of #Coronavirus in #UnitedStates https://t.co/D846sOrh6E #Bangladesh #Wuhan #Virus #Claims #Lives #China #Asia #‚Ä¶,shahinali102,"Dhaka,Bangladesh",0,1,264,26020,2020-03-01 07:18:53,False,,"#One, #Die, #Coronavirus, #UnitedStates, #Bangladesh, #Wuhan, #Virus, #Claims, #Lives, #China, #Asia"
"RT @IndoPac_Info: #coronavirus Worldwide Case Count:   Just updated: New cases in 33 countries  New deaths in #USA, #Italy, #Japan &amp; #Austr‚Ä¶",hongkonghappyL,Canada,0,36,940,28338,2020-03-01 07:16:48,False,,"#coronavirus, #USA, #Italy, #Japan"
"RT @Lars9596: #CoronaVirus-mortality-rates differ strongly:  - #Japan 241 cases, 6 died (under 3%) - #Italy now 1.128 cases, 29 died (just‚Ä¶",grauhaupt,"Zittau, Deutschland",0,5,779,15852,2020-03-01 07:16:28,False,,"#CoronaVirus, #Japan, #Italy"
#One #Die of #Coronavirus in #UnitedStates https://t.co/D846sOrh6E #Bangladesh #Wuhan #Virus #Claims #Lives #China‚Ä¶ https://t.co/ovFY6xtdls,NewAgeBDcom,Dhaka,2,1,58938,29545,2020-03-01 07:15:49,False,,"#One, #Die, #Coronavirus, #UnitedStates, #Bangladesh, #Wuhan, #Virus, #Claims, #Lives, #China"
"RT @IndoPac_Info: #coronavirus Worldwide Case Count:   Just updated: New cases in 33 countries  New deaths in #USA, #Italy, #Japan &amp; #Austr‚Ä¶",IOytes,eschatologi i.h.,0,36,522,4705,2020-03-01 07:15:39,False,,"#coronavirus, #USA, #Italy, #Japan"
"#CoronaVirus-mortality-rates differ strongly:  - #Japan 241 cases, 6 died (under 3%) - #Italy now 1.128 cases, 29 d‚Ä¶ https://t.co/T7oMispT5I",Lars9596,Planet Earth (mainly) #Neuland,4,5,45184,281556,2020-03-01 07:14:31,False,,"#CoronaVirus, #Japan, #Italy"
RT @NHKWORLD_News: The total number of confirmed infections with the new #coronavirus in #Japan stands at 947 as of 10:30 a.m. Sunday. They‚Ä¶,bird_lennon,,0,81,153,10406,2020-03-01 07:13:55,False,,"#coronavirus, #Japan"
"RT @ArabNewsjp: The United States may be considering banning entry from #Japan and #SouthKorea, which have been hit by outbreaks of the new‚Ä¶",rrr_ooharae,,0,1,123,4016,2020-03-01 07:13:18,False,,"#Japan, #SouthKorea"
"RT @IndoPac_Info: #coronavirus Worldwide Case Count:   Just updated: New cases in 33 countries  New deaths in #USA, #Italy, #Japan &amp; #Austr‚Ä¶",mickietcwong,Hong Kong,0,36,1376,71551,2020-03-01 07:12:51,False,,"#coronavirus, #USA, #Italy, #Japan"
"RT @ChinaDaily: The Chinese government will donate 5,000 sets of protective clothing and 100,000 masks to #Japan in batches, the first two‚Ä¶",DrRabiWHO,,0,51,40,533,2020-03-01 07:12:28,False,,#Japan
"RT @IndoPac_Info: #coronavirus Worldwide Case Count:   Just updated: New cases in 33 countries  New deaths in #USA, #Italy, #Japan &amp; #Austr‚Ä¶",Savitri4Ever,,0,36,2633,74713,2020-03-01 07:11:03,False,,"#coronavirus, #USA, #Italy, #Japan"
"RT @IndoPac_Info: #coronavirus Worldwide Case Count:   Just updated: New cases in 33 countries  New deaths in #USA, #Italy, #Japan &amp; #Austr‚Ä¶",ecuabot,Ecuador,0,36,5755,306135,2020-03-01 07:10:02,False,,"#coronavirus, #USA, #Italy, #Japan"
"RT @IndoPac_Info: #coronavirus Worldwide Case Count:   Just updated: New cases in 33 countries  New deaths in #USA, #Italy, #Japan &amp; #Austr‚Ä¶",jakwitwicky,"Gujarat, India",0,36,27,1895,2020-03-01 07:09:53,False,,"#coronavirus, #USA, #Italy, #Japan"
"RT @IndoPac_Info: #coronavirus Worldwide Case Count:   Just updated: New cases in 33 countries  New deaths in #USA, #Italy, #Japan &amp; #Austr‚Ä¶",mwangDF,"40.752545,-74.214898",0,36,394,2494,2020-03-01 07:08:03,False,,"#coronavirus, #USA, #Italy, #Japan"
"RT @IndoPac_Info: #coronavirus Worldwide Case Count:   Just updated: New cases in 33 countries  New deaths in #USA, #Italy, #Japan &amp; #Austr‚Ä¶",viriyabot,Internet,0,36,881,414825,2020-03-01 07:07:02,False,,"#coronavirus, #USA, #Italy, #Japan"
"RT @IndoPac_Info: #coronavirus Worldwide Case Count:   Just updated: New cases in 33 countries  New deaths in #USA, #Italy, #Japan &amp; #Austr‚Ä¶",EliteOzzy,Melbourne,0,36,145,8067,2020-03-01 07:06:11,False,,"#coronavirus, #USA, #Italy, #Japan"
"#coronavirus Worldwide Case Count:   Just updated: New cases in 33 countries  New deaths in #USA, #Italy, #Japan &amp;‚Ä¶ https://t.co/00UZlMzAuh",IndoPac_Info,"Da Nang, Vietnam",43,36,24085,70381,2020-03-01 07:06:06,False,,"#coronavirus, #USA, #Italy, #Japan"
RT @NHKWORLD_News: The total number of confirmed infections with the new #coronavirus in #Japan stands at 947 as of 10:30 a.m. Sunday. They‚Ä¶,angella6002,,0,81,207,17906,2020-03-01 07:05:18,False,,"#coronavirus, #Japan"
#USA #China #uk #Japan cues to be watched for the next week....  And the most important #coronavirus #Coronavid19 https://t.co/9YVaOCK1gx,Ayushga72937060,,0,0,36,270,2020-03-01 07:05:03,False,,"#USA, #China, #uk, #Japan, #coronavirus, #Coronavid19"
#SouthKorea‚Äôs sharp increase in #coronavirus cases likely is due to its large #PCR test capacity: the more people g‚Ä¶ https://t.co/Jdk0KytPuL,tetmorikawa,Tokyo,0,0,1078,8119,2020-03-01 07:02:29,False,,"#SouthKorea, #coronavirus, #PCR"
RT @NHKWORLD_News: The total number of confirmed infections with the new #coronavirus in #Japan stands at 947 as of 10:30 a.m. Sunday. They‚Ä¶,jazmasigan_2,"Cabagan, Isabela",0,81,411,162266,2020-03-01 07:02:27,False,,"#coronavirus, #Japan"
RT @ShanghaiEye: Members of a Chinese volunteer group have acted to raise #masks and distribute them to Japanese people to help with preven‚Ä¶,sirenalorena,M√©xico,0,2,1847,4067,2020-03-01 07:02:05,False,,#masks
"RT @W7VOA: A man in his 70s, who may have caught #coronavirus in hospital, dies in Hokkaido. It is the sixth #COVID19 fatality in #Japan, e‚Ä¶",exhoefanboi,Bharat,0,19,236,45214,2020-03-01 07:01:28,False,,"#coronavirus, #COVID19, #Japan"
"The United States may be considering banning entry from #Japan and #SouthKorea, which have been hit by outbreaks of‚Ä¶ https://t.co/3J39hPkpWT",ArabNewsjp,,2,1,3367,5636,2020-03-01 07:00:00,True,,"#Japan, #SouthKorea"
"RT @11GroupLtd: Well, the new situation right now.  #coronavirus #China #Italy #covid19 #Wuhanoutbreak #chinanews #virus #Corona #news #jap‚Ä¶",carmellaeduard7,,0,41,0,59,2020-03-01 06:59:01,False,,"#coronavirus, #China, #Italy, #covid19, #Wuhanoutbreak, #chinanews, #virus, #Corona, #news"
RT @NHKWORLD_News: The total number of confirmed infections with the new #coronavirus in #Japan stands at 947 as of 10:30 a.m. Sunday. They‚Ä¶,FreeSky75428851,,0,81,63,1726,2020-03-01 06:58:24,False,,"#coronavirus, #Japan"
RT @NHKWORLD_News: The governor of the northern prefecture of #Hokkaido has declared the spread of the #virus in his prefecture an #emergen‚Ä¶,synclonization,,0,179,442,47853,2020-03-01 06:53:10,False,,"#Hokkaido, #virus"
#coronavirus #impact   - All schools in Japan told to close until April over virus outbreak   #TheJapanTimes‚Ä¶ https://t.co/bnFInccWio,ivyasaa,"Hyderabad, India",0,0,71,6052,2020-03-01 06:51:46,False,,"#coronavirus, #impact, #TheJapanTimes"
"Bukan and infected people from Japan, Korea, China, the United States and many other countries, please do not lose.‚Ä¶ https://t.co/mteknzfne3",Peacefull_time,·í¢·¥¨·¥æ·¥¨·¥∫‚òÄÔ∏é,0,0,22,875,2020-03-01 06:48:20,False,,
RT @NHKWORLD_News: The total number of confirmed infections with the new #coronavirus in #Japan stands at 947 as of 10:30 a.m. Sunday. They‚Ä¶,sami59,"Mpls, MN",0,81,164,31838,2020-03-01 06:48:10,False,,"#coronavirus, #Japan"
RT @NHKWORLD_News: The total number of confirmed infections with the new #coronavirus in #Japan stands at 947 as of 10:30 a.m. Sunday. They‚Ä¶,kaoringsari,"Tokyo,Japan",0,81,117,12618,2020-03-01 06:47:50,False,,"#coronavirus, #Japan"
"RT @W7VOA: A man in his 70s, who may have caught #coronavirus in hospital, dies in Hokkaido. It is the sixth #COVID19 fatality in #Japan, e‚Ä¶",SaucedbySally,,0,19,2619,154529,2020-03-01 06:44:02,False,,"#coronavirus, #COVID19, #Japan"
RT @NHKWORLD_News: The total number of confirmed infections with the new #coronavirus in #Japan stands at 947 as of 10:30 a.m. Sunday. They‚Ä¶,kshagdna,Winterfell,0,81,218,3188,2020-03-01 06:41:34,False,,"#coronavirus, #Japan"
Another death from #coronavirus in #Japan  https://t.co/wuDiWfx7AC #Sharjah24 https://t.co/OLPmD18N7z,sharjah24,ÿØŸàŸÑÿ© ÿßŸÑÿ•ŸÖÿßÿ±ÿßÿ™ ÿßŸÑÿπÿ±ÿ®Ÿäÿ© ÿßŸÑŸÖÿ™ÿ≠ÿØÿ©,1,0,23575,314332,2020-03-01 06:40:53,True,,"#coronavirus, #Japan, #Sharjah24"
"RT @W7VOA: A man in his 70s, who may have caught #coronavirus in hospital, dies in Hokkaido. It is the sixth #COVID19 fatality in #Japan, e‚Ä¶",SheilaSmithCFR,"Washington, DC",0,19,6693,26318,2020-03-01 06:40:52,False,,"#coronavirus, #COVID19, #Japan"
"RT @IndoPac_Info: #coronavirus Worldwide Case Count:   Just updated: New cases in 35 countries  4 new deaths each in #SouthKorea &amp; #Italy,‚Ä¶",_PistisSophia_,,0,78,179,16847,2020-03-01 06:39:14,False,,"#coronavirus, #SouthKorea, #Italy"
RT @ShanghaiEye: Members of a Chinese volunteer group have acted to raise #masks and distribute them to Japanese people to help with preven‚Ä¶,ChenQianyiTommy,China,0,2,62,927,2020-03-01 06:36:31,False,,#masks
Reuters: A man in his 70s died on #Japan‚Äôs northernmost island of #Hokkaido on Saturday night after testing positiv‚Ä¶ https://t.co/ZGBbmWSNlV,247NewsTODAY,,0,0,29,188,2020-03-01 06:32:29,False,,"#Japan, #Hokkaido"
RT @NHKWORLD_News: The total number of confirmed infections with the new #coronavirus in #Japan stands at 947 as of 10:30 a.m. Sunday. They‚Ä¶,Equateall,India,0,81,7729,252577,2020-03-01 06:32:08,False,,"#coronavirus, #Japan"
"RT @onceatraveler: Found this from the unions in #japan. If you're with the JET Program, an ALT, or work at an eikaiwa that closed due to t‚Ä¶",Will67103413,Tokyo,0,3,194,21886,2020-03-01 06:31:20,False,,#japan
"RT @NHKWORLD_News: To contain the coronavirus, Japan's government wants to close all schools for the rest of the term. That could affect 12‚Ä¶",Domdesu06,"Seoul, Republic of Korea",0,62,224,54902,2020-03-01 06:30:56,False,,
"RT @W7VOA: A man in his 70s, who may have caught #coronavirus in hospital, dies in Hokkaido. It is the sixth #COVID19 fatality in #Japan, e‚Ä¶",bbbgramps,"Eugene, OR",0,19,567,172804,2020-03-01 06:29:43,False,,"#coronavirus, #COVID19, #Japan"
"RT @W7VOA: A man in his 70s, who may have caught #coronavirus in hospital, dies in Hokkaido. It is the sixth #COVID19 fatality in #Japan, e‚Ä¶",DoctorDisco57th,"New York, USA",0,19,178,31274,2020-03-01 06:29:33,False,,"#coronavirus, #COVID19, #Japan"
Coronavirus slowly speading in Japan but so many people are still going out for dinner. Most friends are staying ho‚Ä¶ https://t.co/a4nlxxoxs3,EbisuHapa,"Tokyo-to, Japan",0,0,44,1877,2020-03-01 06:24:23,False,,
"RT @W7VOA: A man in his 70s, who may have caught #coronavirus in hospital, dies in Hokkaido. It is the sixth #COVID19 fatality in #Japan, e‚Ä¶",vesnaputzier,,0,19,139,2477,2020-03-01 06:24:14,False,,"#coronavirus, #COVID19, #Japan"
"RT @W7VOA: A man in his 70s, who may have caught #coronavirus in hospital, dies in Hokkaido. It is the sixth #COVID19 fatality in #Japan, e‚Ä¶",CalHN,,0,19,994,22092,2020-03-01 06:22:56,False,,"#coronavirus, #COVID19, #Japan"
RT @Terrence_STR: Empty shelves as #coronavirus fears spark food shortages in #Yokohama #Japan  Scary stuff. Really need everyone to stay c‚Ä¶,AnvilDire,,0,1,92,2528,2020-03-01 06:22:39,False,,"#coronavirus, #Yokohama, #Japan"
"RT @11GroupLtd: Well, the new situation right now.  #coronavirus #China #Italy #covid19 #Wuhanoutbreak #chinanews #virus #Corona #news #jap‚Ä¶",jeannet92212824,,0,41,0,54,2020-03-01 06:22:14,False,,"#coronavirus, #China, #Italy, #covid19, #Wuhanoutbreak, #chinanews, #virus, #Corona, #news"
"RT @fathimahdhiya: #COVID19 #Coronavirus Last Updated: 3/1/2020, 9:53:03 AM  Confirmed per Country/Region 79,822   Mainland #China 3,526‚Ä¶",Beaussant1980,,0,3,108,2073,2020-03-01 06:21:58,False,,"#COVID19, #Coronavirus, #China"
"RT @W7VOA: A man in his 70s, who may have caught #coronavirus in hospital, dies in Hokkaido. It is the sixth #COVID19 fatality in #Japan, e‚Ä¶",John_Locke_New,Mars the Red Planet,0,19,4365,93796,2020-03-01 06:21:50,False,,"#coronavirus, #COVID19, #Japan"
"RT @11GroupLtd: Well, the new situation right now.  #coronavirus #China #Italy #covid19 #Wuhanoutbreak #chinanews #virus #Corona #news #jap‚Ä¶",jeanebingaman3,,0,41,0,63,2020-03-01 06:21:31,False,,"#coronavirus, #China, #Italy, #covid19, #Wuhanoutbreak, #chinanews, #virus, #Corona, #news"
"RT @Apex_WW: Tokyo and Beijing are leaning towards delaying Chinese President Xi Jinping‚Äôs state visit to Japan, originally planned for ear‚Ä¶",geoti1,Japan,0,1,180,44582,2020-03-01 06:21:14,False,,
"RT @ChinaDaily: The Chinese government will donate 5,000 sets of protective clothing and 100,000 masks to #Japan in batches, the first two‚Ä¶",pimientosbkk,bangkok,0,51,140,25435,2020-03-01 06:21:06,False,,#Japan
"RT @W7VOA: A man in his 70s, who may have caught #coronavirus in hospital, dies in Hokkaido. It is the sixth #COVID19 fatality in #Japan, e‚Ä¶",NegarMotamed,,0,19,262,48815,2020-03-01 06:21:04,False,,"#coronavirus, #COVID19, #Japan"
"RT @W7VOA: A man in his 70s, who may have caught #coronavirus in hospital, dies in Hokkaido. It is the sixth #COVID19 fatality in #Japan, e‚Ä¶",MehtaLaurie,"California, and Ohio, USA",0,19,139,18877,2020-03-01 06:20:28,False,,"#coronavirus, #COVID19, #Japan"
"RT @fathimahdhiya: #COVID19 #Coronavirus Last Updated: 3/1/2020, 9:53:03 AM  Confirmed per Country/Region 79,822   Mainland #China 3,526‚Ä¶",VMacuspano,"Zacazonapan, M√©xico",0,3,436,7832,2020-03-01 06:19:54,False,,"#COVID19, #Coronavirus, #China"
"RT @W7VOA: A man in his 70s, who may have caught #coronavirus in hospital, dies in Hokkaido. It is the sixth #COVID19 fatality in #Japan, e‚Ä¶",DrWutt,"Denver, Colorado USA",0,19,1786,644,2020-03-01 06:18:53,False,,"#coronavirus, #COVID19, #Japan"
"RT @W7VOA: A man in his 70s, who may have caught #coronavirus in hospital, dies in Hokkaido. It is the sixth #COVID19 fatality in #Japan, e‚Ä¶",RoKeT_gal,"SE NC, USA",0,19,3817,258348,2020-03-01 06:18:02,False,,"#coronavirus, #COVID19, #Japan"
"RT @W7VOA: A man in his 70s, who may have caught #coronavirus in hospital, dies in Hokkaido. It is the sixth #COVID19 fatality in #Japan, e‚Ä¶",JJakobDesign,78736,0,19,578,19977,2020-03-01 06:17:49,False,,"#coronavirus, #COVID19, #Japan"
"RT @W7VOA: A man in his 70s, who may have caught #coronavirus in hospital, dies in Hokkaido. It is the sixth #COVID19 fatality in #Japan, e‚Ä¶",ThereseRahmani,United States Indian Land ‚ÅÄ‚Äµ‚ÅÄ,0,19,514,64630,2020-03-01 06:17:42,False,,"#coronavirus, #COVID19, #Japan"
"RT @ChinaDaily: The Chinese government will donate 5,000 sets of protective clothing and 100,000 masks to #Japan in batches, the first two‚Ä¶",WangShxiang,Shanghai,0,51,42,376,2020-03-01 06:17:28,False,,#Japan
"RT @W7VOA: A man in his 70s, who may have caught #coronavirus in hospital, dies in Hokkaido. It is the sixth #COVID19 fatality in #Japan, e‚Ä¶",McBlondeLand,United States,0,19,4015,203741,2020-03-01 06:16:38,False,,"#coronavirus, #COVID19, #Japan"
"RT @W7VOA: A man in his 70s, who may have caught #coronavirus in hospital, dies in Hokkaido. It is the sixth #COVID19 fatality in #Japan, e‚Ä¶",CorruptNSW,"Hell,Hades,Mictlan,Tartarus",0,19,5174,390838,2020-03-01 06:15:16,False,,"#coronavirus, #COVID19, #Japan"
China to donate epidemic prevention materials to Japan #China #Japan #COVID19 #coronavirus https://t.co/c7lB50t4qO https://t.co/sHtqszB85y,CCTV_Plus,CHINA,2,0,27123,18594,2020-03-01 06:14:26,False,,"#China, #Japan, #COVID19, #coronavirus"
"A man in his 70s, who may have caught #coronavirus in hospital, dies in Hokkaido. It is the sixth #COVID19 fatality‚Ä¶ https://t.co/6CS9xODNWV",W7VOA,"Washington, DC ",17,19,94368,119391,2020-03-01 06:14:17,True,,"#coronavirus, #COVID19"
RT @NHKWORLD_News: The total number of confirmed infections with the new #coronavirus in #Japan stands at 947 as of 10:30 a.m. Sunday. They‚Ä¶,skulthaw,Chiang Mai university,0,81,92,8451,2020-03-01 06:13:00,False,,"#coronavirus, #Japan"
"RT @CEDRdigital: #Coronavirus UPDATE Feb 29 9PM EST The current GLOBAL statistics - Confirmed cases in: -86,979 total inüåé -79,824 Mainland‚Ä¶",8bitmeme,"Orange County, CA",0,9,530,6797,2020-03-01 06:12:47,False,,#Coronavirus
RT @NHKWORLD_News: The total number of confirmed infections with the new #coronavirus in #Japan stands at 947 as of 10:30 a.m. Sunday. They‚Ä¶,PenguinParty466,,0,81,217,974,2020-03-01 06:11:50,False,,"#coronavirus, #Japan"
RT @NHKWORLD_News: The total number of confirmed infections with the new #coronavirus in #Japan stands at 947 as of 10:30 a.m. Sunday. They‚Ä¶,jay95yo,Malaysia,0,81,4,52,2020-03-01 06:10:43,False,,"#coronavirus, #Japan"
RT @haroldo44505601: A global recession doesn't look too far fetched: Nouriel Roubini https://t.co/lrJVX8bpbl via @YouTube  Dr. Doom Predic‚Ä¶,BitcoinUKPR,,0,1,247,8734,2020-03-01 06:10:32,False,,
RT @tornadomisty27: There‚Äôs. No. Way.  This would be about as irresponsible as hosting the Super Bowl in Florida in the midst of a pandemic‚Ä¶,4Tchat,,0,3,4562,255309,2020-03-01 06:05:34,False,,
"RT @11GroupLtd: Well, the new situation right now.  #coronavirus #China #Italy #covid19 #Wuhanoutbreak #chinanews #virus #Corona #news #jap‚Ä¶",macrowley5,,0,41,0,72,2020-03-01 06:05:20,False,,"#coronavirus, #China, #Italy, #covid19, #Wuhanoutbreak, #chinanews, #virus, #Corona, #news"
A global recession doesn't look too far fetched: Nouriel Roubini https://t.co/lrJVX8bpbl via @YouTube  Dr. Doom Pre‚Ä¶ https://t.co/S6Np2SfWgt,haroldo44505601,"Los Angeles, CA",0,1,3,88,2020-03-01 06:04:55,False,,
Members of a Chinese volunteer group have acted to raise #masks and distribute them to Japanese people to help with‚Ä¶ https://t.co/rX6ILhtorv,ShanghaiEye,"‰∏äÊµ∑, ‰∏≠Âçé‰∫∫Ê∞ëÂÖ±ÂíåÂõΩ",4,2,29012,24609,2020-03-01 06:03:14,True,,#masks
There‚Äôs. No. Way.  This would be about as irresponsible as hosting the Super Bowl in Florida in the midst of a pand‚Ä¶ https://t.co/IEFZnKFQ2f,tornadomisty27,,1,3,117,3220,2020-03-01 06:01:02,False,,
Empty shelves as #coronavirus fears spark food shortages in #Yokohama #Japan  Scary stuff. Really need everyone to‚Ä¶ https://t.co/nJiltHzKer,Terrence_STR,Standing Rock,1,1,6796,39947,2020-03-01 05:59:28,False,,"#coronavirus, #Yokohama, #Japan"
RT @NHKWORLD_News: The total number of confirmed infections with the new #coronavirus in #Japan stands at 947 as of 10:30 a.m. Sunday. They‚Ä¶,tara5weeney555,"Weehawken, NJ",0,81,502,22224,2020-03-01 05:55:01,False,,"#coronavirus, #Japan"
"RT @fathimahdhiya: #COVID19 #Coronavirus Last Updated: 3/1/2020, 9:53:03 AM  Confirmed per Country/Region 79,822   Mainland #China 3,526‚Ä¶",LaPizzaPolitica,,0,3,2787,13077,2020-03-01 05:51:36,False,,"#COVID19, #Coronavirus, #China"
RT @NHKWORLD_News: The total number of confirmed infections with the new #coronavirus in #Japan stands at 947 as of 10:30 a.m. Sunday. They‚Ä¶,japoncaevi,Âú∞ÁêÉ,0,81,99,1191,2020-03-01 05:51:16,False,,"#coronavirus, #Japan"
RT @srbnews0: Empty shelves as #coronavirus fears spark food shortages in #Yokohama #Japan https://t.co/dAX9zic7Dg,ghostyH,Planet Earth üåç,0,4,677,16162,2020-03-01 05:47:51,False,,"#coronavirus, #Yokohama, #Japan"
"RT @NHKWORLD_News: To contain the coronavirus, Japan's government wants to close all schools for the rest of the term. That could affect 12‚Ä¶",BaronianConsult,,0,62,1580,471541,2020-03-01 05:47:12,False,,
"RT @DaveInOsaka: Just announced that all schools in #Osaka, #Japan from kindergarten to junior high school are closing for two weeks (2/29-‚Ä¶",Mcfannie,"Potomac, MD",0,29,1691,22224,2020-03-01 05:46:34,False,,"#Osaka, #Japan"
RT @NHKWORLD_News: The total number of confirmed infections with the new #coronavirus in #Japan stands at 947 as of 10:30 a.m. Sunday. They‚Ä¶,indrawan_92,"Bali, Indonesia",0,81,143,17264,2020-03-01 05:45:13,False,,"#coronavirus, #Japan"
RT @NHKWORLD_News: The total number of confirmed infections with the new #coronavirus in #Japan stands at 947 as of 10:30 a.m. Sunday. They‚Ä¶,Duktiamat,Republic of the Philippines,0,81,572,15491,2020-03-01 05:44:48,False,,"#coronavirus, #Japan"
RT @NHKWORLD_News: The total number of confirmed infections with the new #coronavirus in #Japan stands at 947 as of 10:30 a.m. Sunday. They‚Ä¶,AnnL_Berlin,New York City,0,81,247,17129,2020-03-01 05:44:17,False,,"#coronavirus, #Japan"
"#COVID19 #Coronavirus Last Updated: 3/1/2020, 9:53:03 AM  Confirmed per Country/Region 79,822   Mainland #China 3,5‚Ä¶ https://t.co/zTE10RUMZg",fathimahdhiya,,2,3,630,55065,2020-03-01 05:44:10,False,,"#COVID19, #Coronavirus, #China"
RT @NHKWORLD_News: The total number of confirmed infections with the new #coronavirus in #Japan stands at 947 as of 10:30 a.m. Sunday. They‚Ä¶,Piyokodictator,Chiba Pref. Japan,0,81,539,90677,2020-03-01 05:42:05,False,,"#coronavirus, #Japan"
RT @NHKWORLD_News: The governor of the northern prefecture of #Hokkaido has declared the spread of the #virus in his prefecture an #emergen‚Ä¶,momoyurikoo,"Ashiya-shi, Hyogo",0,179,3939,7927,2020-03-01 05:40:21,False,,"#Hokkaido, #virus"
RT @NHKWORLD_News: The total number of confirmed infections with the new #coronavirus in #Japan stands at 947 as of 10:30 a.m. Sunday. They‚Ä¶,sapporobot1,Êó•Êú¨,0,81,358,1367,2020-03-01 05:40:05,False,,"#coronavirus, #Japan"
RT @NHKWORLD_News: The total number of confirmed infections with the new #coronavirus in #Japan stands at 947 as of 10:30 a.m. Sunday. They‚Ä¶,rockwild,,0,81,383,12016,2020-03-01 05:35:50,False,,"#coronavirus, #Japan"
RT @KjeldDuits: The run on toilet paper continues in #Japan as people seem to pay more attention to #coronavirus rumors than facts  In this‚Ä¶,AkikoTK2,"Yokosuka-shi, Kanagawa",0,21,17,1405,2020-03-01 05:31:59,False,,"#Japan, #coronavirus"
RT @NHKWORLD_News: The total number of confirmed infections with the new #coronavirus in #Japan stands at 947 as of 10:30 a.m. Sunday. They‚Ä¶,takanomartina,Japan,0,81,564,2519,2020-03-01 05:30:58,False,,"#coronavirus, #Japan"
"#Japan has a serious problem with #coronavirus , it's ageing population. #COVID2019 has been proved to be the bigge‚Ä¶ https://t.co/z7kimRCnFh",CaptAKJ,"Surat/Pipavav/Bihar, India",1,0,544,10200,2020-03-01 05:30:25,False,,"#Japan, #coronavirus, #COVID2019"
"RT @ArabNewsjp: In facing the #coronavirus and its surrounding panic, #Japan may want to take some lessons from the Middle East and history‚Ä¶",AlrakanNouf,Riyadh,0,1,31452,6330,2020-03-01 05:28:09,True,,"#coronavirus, #Japan"
RT @NHKWORLD_News: The total number of confirmed infections with the new #coronavirus in #Japan stands at 947 as of 10:30 a.m. Sunday. They‚Ä¶,rindashuunrei,,0,81,90,15102,2020-03-01 05:27:07,False,,"#coronavirus, #Japan"
Damn!! #COSTCO raking in #coronapocalypse cash like ü§ë #Êñ∞Âûã„Ç≥„É≠„Éä„Ç¶„Ç§„É´„Çπ #coronavirus #COVID19 #Japan https://t.co/8eTgZnPMP9,noraneko_893,"Tokyo, Japan",1,0,36,353,2020-03-01 05:23:40,False,,"#COSTCO, #coronapocalypse, #Êñ∞Âûã„Ç≥„É≠„Éä„Ç¶„Ç§„É´„Çπ, #coronavirus, #COVID19, #Japan"
RT @NHKWORLD_News: The total number of confirmed infections with the new #coronavirus in #Japan stands at 947 as of 10:30 a.m. Sunday. They‚Ä¶,cjenmoon,"Seoul, Republic of Korea",0,81,775,2114,2020-03-01 05:18:03,False,,"#coronavirus, #Japan"
"RT @ChinaDaily: The Chinese government will donate 5,000 sets of protective clothing and 100,000 masks to #Japan in batches, the first two‚Ä¶",littleonepiece,,0,51,8,324,2020-03-01 05:17:45,False,,#Japan
RT @Ruptly: Empty shelves as #coronavirus fears spark food shortages in #Yokohama #Japan https://t.co/ZXy4Byeroo,miyakilee,,0,20,784,159080,2020-03-01 05:14:14,False,,"#coronavirus, #Yokohama, #Japan"
RT @NHKWORLD_News: The total number of confirmed infections with the new #coronavirus in #Japan stands at 947 as of 10:30 a.m. Sunday. They‚Ä¶,CharlesCheng,"Hong Kong, Internet",0,81,80,5822,2020-03-01 05:13:45,False,,"#coronavirus, #Japan"
"RT @NHKWORLD_News: To contain the coronavirus, Japan's government wants to close all schools for the rest of the term. That could affect 12‚Ä¶",hugmebigbear,Japan,0,62,58,1500,2020-03-01 05:12:36,False,,
"RT @11GroupLtd: Well, the new situation right now.  #coronavirus #China #Italy #covid19 #Wuhanoutbreak #chinanews #virus #Corona #news #jap‚Ä¶",floridazhou6,,0,41,0,20,2020-03-01 05:11:37,False,,"#coronavirus, #China, #Italy, #covid19, #Wuhanoutbreak, #chinanews, #virus, #Corona, #news"
RT @NHKWORLD_News: The governor of the northern prefecture of #Hokkaido has declared the spread of the #virus in his prefecture an #emergen‚Ä¶,TotPig,Vatican Cityüí§,0,179,20,1636,2020-03-01 05:09:26,False,,"#Hokkaido, #virus"
"RT @ChinaDaily: The Chinese government will donate 5,000 sets of protective clothing and 100,000 masks to #Japan in batches, the first two‚Ä¶",kzmyh1,"Beijing, China",0,51,45,622,2020-03-01 05:08:41,False,,#Japan
RT @NHKWORLD_News: The total number of confirmed infections with the new #coronavirus in #Japan stands at 947 as of 10:30 a.m. Sunday. They‚Ä¶,valentin_blog,Okinawa,0,81,107187,1652,2020-03-01 05:08:37,False,,"#coronavirus, #Japan"
RT @NHKWORLD_News: The total number of confirmed infections with the new #coronavirus in #Japan stands at 947 as of 10:30 a.m. Sunday. They‚Ä¶,kaporalbaby,"Fukushima-shi, Fukushima",0,81,131,29415,2020-03-01 05:07:43,False,,"#coronavirus, #Japan"
"RT @CEDRdigital: #Coronavirus UPDATE Feb 29 9PM EST The current GLOBAL statistics - Confirmed cases in: -86,979 total inüåé -79,824 Mainland‚Ä¶",KimYarnwrangler,,0,9,745,33649,2020-03-01 05:05:12,False,,#Coronavirus
RT @NHKWORLD_News: The total number of confirmed infections with the new #coronavirus in #Japan stands at 947 as of 10:30 a.m. Sunday. They‚Ä¶,PRIDEFC_FAN,,0,81,90,15770,2020-03-01 05:04:42,False,,"#coronavirus, #Japan"
RT @Apex_WW: #Japan|ese tests positive for #COVID19 in #SouthKorea for first time  #coronavirus  https://t.co/leOt4QOht9,Duktiamat,Republic of the Philippines,0,2,572,15491,2020-03-01 05:03:50,False,,"#Japan, #COVID19, #SouthKorea, #coronavirus"
RT @Apex_WW: #Japan|ese tests positive for #COVID19 in #SouthKorea for first time  #coronavirus  https://t.co/leOt4QOht9,realtraderx,United States,0,2,134,6537,2020-03-01 05:02:08,False,,"#Japan, #COVID19, #SouthKorea, #coronavirus"
"RT @11GroupLtd: Well, the new situation right now.  #coronavirus #China #Italy #covid19 #Wuhanoutbreak #chinanews #virus #Corona #news #jap‚Ä¶",novakaeser4,,0,41,0,32,2020-03-01 05:02:05,False,,"#coronavirus, #China, #Italy, #covid19, #Wuhanoutbreak, #chinanews, #virus, #Corona, #news"
#Japan|ese tests positive for #COVID19 in #SouthKorea for first time  #coronavirus  https://t.co/leOt4QOht9,Apex_WW,US ,6,2,2764,8491,2020-03-01 05:01:46,False,,"#Japan, #COVID19, #SouthKorea, #coronavirus"
"In facing the #coronavirus and its surrounding panic, #Japan may want to take some lessons from the Middle East and‚Ä¶ https://t.co/HzAyJoQfi0",ArabNewsjp,,1,1,3367,5636,2020-03-01 05:00:00,True,,"#coronavirus, #Japan"
RT @NHKWORLD_News: The total number of confirmed infections with the new #coronavirus in #Japan stands at 947 as of 10:30 a.m. Sunday. They‚Ä¶,yordyings,"13.751289,100.531808",0,81,9079,34010,2020-03-01 04:59:29,False,,"#coronavirus, #Japan"
RT @NHKWORLD_News: The total number of confirmed infections with the new #coronavirus in #Japan stands at 947 as of 10:30 a.m. Sunday. They‚Ä¶,veracruz777,Tokyo Japan,0,81,2753,84522,2020-03-01 04:59:26,False,,"#coronavirus, #Japan"
#Japan cancels all classes until spring break. #SARSCoV2 #COVID19 #coronavirus https://t.co/Rzt5qkUIEp,humanspan,"Bellwether State, USA",2,0,64,1609,2020-03-01 04:55:03,False,,"#Japan, #SARSCoV2, #COVID19, #coronavirus"
RT @NHKWORLD_News: The total number of confirmed infections with the new #coronavirus in #Japan stands at 947 as of 10:30 a.m. Sunday. They‚Ä¶,marcygoround,the universe,0,81,52,7387,2020-03-01 04:54:47,False,,"#coronavirus, #Japan"
RT @W7VOA: Israeli with #coronavirus who was on #DiamondPrincess flew home from #Japan on @TurkishAirlines #TK53 and #TK784.,realistyazar,Canada,0,14,4016,22577,2020-03-01 04:52:40,False,,"#coronavirus, #DiamondPrincess, #Japan, #TK53, #TK784"
RT @insidethegames: State of emergency declared in #Olympic city #Sapporo due to #coronavirus outbreak https://t.co/OXBu1Ep1Dz #Tokyo2020 #‚Ä¶,kaushaltamhane,India,0,9,64,1279,2020-03-01 04:52:18,False,,"#Olympic, #Sapporo, #coronavirus, #Tokyo2020"
"RT @ians_india: #Australia recorded its first #coronavirus death after a 78-year-old patient, who was evacuated from the quarantines Diamon‚Ä¶",RichFM39517086,"Laguna Beach, Ca",0,4,2636,518684,2020-03-01 04:50:35,False,,"#Australia, #coronavirus"
"RT @ians_india: #Australia recorded its first #coronavirus death after a 78-year-old patient, who was evacuated from the quarantines Diamon‚Ä¶",vaxchoiceeast,Eastern America,0,4,728,26278,2020-03-01 04:49:57,False,,"#Australia, #coronavirus"
RT @NHKWORLD_News: The total number of confirmed infections with the new #coronavirus in #Japan stands at 947 as of 10:30 a.m. Sunday. They‚Ä¶,tarquis,,0,81,917,85497,2020-03-01 04:49:48,False,,"#coronavirus, #Japan"
RT @NHKWORLD_News: The total number of confirmed infections with the new #coronavirus in #Japan stands at 947 as of 10:30 a.m. Sunday. They‚Ä¶,MiSabotenn_mx,"Quer√©taro, Quer√©taro Arteaga",0,81,375,343,2020-03-01 04:49:26,False,,"#coronavirus, #Japan"
RT @NHKWORLD_News: The total number of confirmed infections with the new #coronavirus in #Japan stands at 947 as of 10:30 a.m. Sunday. They‚Ä¶,zosho,Mid Wales,0,81,135,4042,2020-03-01 04:48:42,False,,"#coronavirus, #Japan"
RT @NHKWORLD_News: The total number of confirmed infections with the new #coronavirus in #Japan stands at 947 as of 10:30 a.m. Sunday. They‚Ä¶,farhaannnnnnn,"Osaka City, Osaka",0,81,562,9682,2020-03-01 04:48:19,False,,"#coronavirus, #Japan"
RT @NHKWORLD_News: The total number of confirmed infections with the new #coronavirus in #Japan stands at 947 as of 10:30 a.m. Sunday. They‚Ä¶,giorgiotuscani,,0,81,10632,92947,2020-03-01 04:48:13,False,,"#coronavirus, #Japan"
RT @NHKWORLD_News: The total number of confirmed infections with the new #coronavirus in #Japan stands at 947 as of 10:30 a.m. Sunday. They‚Ä¶,NgoiePado,,0,81,350,79154,2020-03-01 04:48:03,False,,"#coronavirus, #Japan"
"RT @NHKWORLD_News: To contain the coronavirus, Japan's government wants to close all schools for the rest of the term. That could affect 12‚Ä¶",Cleo_FC,Panam√°,0,62,685,88539,2020-03-01 04:47:12,False,,
RT @NHKWORLD_News: The total number of confirmed infections with the new #coronavirus in #Japan stands at 947 as of 10:30 a.m. Sunday. They‚Ä¶,earthvenue_,Japan,0,81,50,2094,2020-03-01 04:47:09,False,,"#coronavirus, #Japan"
"RT @NHKWORLD_News: To contain the coronavirus, Japan's government wants to close all schools for the rest of the term. That could affect 12‚Ä¶",tonyrayo,,0,62,57,53,2020-03-01 04:46:51,False,,
Pro hockey games in #Switzerland being played inside arenas without fans in the stands.  Pro baseball games in‚Ä¶ https://t.co/YYdiyvRckE,MeyersMusings,"Buffalo | Hamburg, NY",0,0,1647,49282,2020-03-01 04:45:09,False,,#Switzerland
"#Australia recorded its first #coronavirus death after a 78-year-old patient, who was evacuated from the quarantine‚Ä¶ https://t.co/wwC3RyUIke",ians_india,New Delhi,3,4,30933,197011,2020-03-01 04:44:51,True,,"#Australia, #coronavirus"
"RT @NHKWORLD_News: To contain the coronavirus, Japan's government wants to close all schools for the rest of the term. That could affect 12‚Ä¶",brutarov,,0,62,72,2317,2020-03-01 04:44:34,False,,
RT @NHKWORLD_News: The governor of the northern prefecture of #Hokkaido has declared the spread of the #virus in his prefecture an #emergen‚Ä¶,debielisabeth,Indonesia,0,179,264,8535,2020-03-01 04:43:29,False,,"#Hokkaido, #virus"
RT @NHKWORLD_News: The total number of confirmed infections with the new #coronavirus in #Japan stands at 947 as of 10:30 a.m. Sunday. They‚Ä¶,Fla_Mom,,0,81,364,27698,2020-03-01 04:42:52,False,,"#coronavirus, #Japan"
RT @NHKWORLD_News: The total number of confirmed infections with the new #coronavirus in #Japan stands at 947 as of 10:30 a.m. Sunday. They‚Ä¶,LinGhazale,"Yokohama, Japan",0,81,533,186837,2020-03-01 04:40:46,False,,"#coronavirus, #Japan"
RT @NHKWORLD_News: The total number of confirmed infections with the new #coronavirus in #Japan stands at 947 as of 10:30 a.m. Sunday. They‚Ä¶,liluist,,0,81,16,1708,2020-03-01 04:38:11,False,,"#coronavirus, #Japan"
"RT @11GroupLtd: Well, the new situation right now.  #coronavirus #China #Italy #covid19 #Wuhanoutbreak #chinanews #virus #Corona #news #jap‚Ä¶",gayleba61220787,,0,41,0,19,2020-03-01 04:36:19,False,,"#coronavirus, #China, #Italy, #covid19, #Wuhanoutbreak, #chinanews, #virus, #Corona, #news"
RT @COVID19Update: #Japan üáØüáµ #coronavirus ü¶†  Japan reports 940 #COVID19 cases including 11 deaths:  - 705 infections on #DiamondPrincess cr‚Ä¶,djMAOmusic,"Tokyo, Japan",0,13,1485,37050,2020-03-01 04:36:01,False,,"#Japan, #coronavirus, #COVID19, #DiamondPrincess"
RT @NHKWORLD_News: The total number of confirmed infections with the new #coronavirus in #Japan stands at 947 as of 10:30 a.m. Sunday. They‚Ä¶,Yohanaoki216,Indonesia,0,81,589,47090,2020-03-01 04:34:53,False,,"#coronavirus, #Japan"
RT @NHKWORLD_News: The total number of confirmed infections with the new #coronavirus in #Japan stands at 947 as of 10:30 a.m. Sunday. They‚Ä¶,artstrolagvitae,flower road st.üåå,0,81,73,122888,2020-03-01 04:34:34,False,,"#coronavirus, #Japan"
RT @NHKWORLD_News: The total number of confirmed infections with the new #coronavirus in #Japan stands at 947 as of 10:30 a.m. Sunday. They‚Ä¶,channingpb,"San Francisco, CA",0,81,17,3035,2020-03-01 04:34:10,False,,"#coronavirus, #Japan"
"RT @ChinaDaily: The Chinese government will donate 5,000 sets of protective clothing and 100,000 masks to #Japan in batches, the first two‚Ä¶",cnribnp,"‡§Æ‡•Å‡§Ç‡§¨‡§à, ‡§≠‡§æ‡§∞‡§§ & London,England ",0,51,619,67663,2020-03-01 04:34:04,False,,#Japan
My first experience with @AmericanAir and it‚Äôs not looking too great. All other airlines helping their customers wi‚Ä¶ https://t.co/yswAQHQe2b,msvannguyen,"Alameda, CA",0,0,19,544,2020-03-01 04:33:41,False,,
RT @NHKWORLD_News: The total number of confirmed infections with the new #coronavirus in #Japan stands at 947 as of 10:30 a.m. Sunday. They‚Ä¶,Unoff_Events,"Snohomish County, WA, USA",0,81,101,17356,2020-03-01 04:33:27,False,,"#coronavirus, #Japan"
RT @NHKWORLD_News: The total number of confirmed infections with the new #coronavirus in #Japan stands at 947 as of 10:30 a.m. Sunday. They‚Ä¶,Spartacus217,"Chicago, IL",0,81,618,45172,2020-03-01 04:32:43,False,,"#coronavirus, #Japan"
RT @NHKWORLD_News: The total number of confirmed infections with the new #coronavirus in #Japan stands at 947 as of 10:30 a.m. Sunday. They‚Ä¶,kacchaou,,0,81,27,5481,2020-03-01 04:30:12,False,,"#coronavirus, #Japan"
RT @NHKWORLD_News: The total number of confirmed infections with the new #coronavirus in #Japan stands at 947 as of 10:30 a.m. Sunday. They‚Ä¶,RaffaellaDeFili,"Charlotte, NC",0,81,1883,27708,2020-03-01 04:30:02,False,,"#coronavirus, #Japan"
RT @NHKWORLD_News: The total number of confirmed infections with the new #coronavirus in #Japan stands at 947 as of 10:30 a.m. Sunday. They‚Ä¶,serjie22,+ÂÖ´ÂçÅ‰∏Ä,0,81,427,56728,2020-03-01 04:29:20,False,,"#coronavirus, #Japan"
RT @NHKWORLD_News: The total number of confirmed infections with the new #coronavirus in #Japan stands at 947 as of 10:30 a.m. Sunday. They‚Ä¶,shiromigi,üá∞üá∑üáπüáºüáØüáµÊó•‰∏≠ÈüìÂèãÂ•ΩÂçîÂäõ üá≠üá∞Ê∞ë‰∏ªÈ¶ôÊ∏Ø,0,81,32,2250,2020-03-01 04:28:55,False,,"#coronavirus, #Japan"
RT @NHKWORLD_News: The total number of confirmed infections with the new #coronavirus in #Japan stands at 947 as of 10:30 a.m. Sunday. They‚Ä¶,YuramNs,,0,81,181,11664,2020-03-01 04:28:40,False,,"#coronavirus, #Japan"
RT @NHKWORLD_News: The total number of confirmed infections with the new #coronavirus in #Japan stands at 947 as of 10:30 a.m. Sunday. They‚Ä¶,T0R1CH4N,,0,81,995,78745,2020-03-01 04:25:59,False,,"#coronavirus, #Japan"
RT @NHKWORLD_News: The total number of confirmed infections with the new #coronavirus in #Japan stands at 947 as of 10:30 a.m. Sunday. They‚Ä¶,Spartan_Intel_,N.N.J. üá∫üá∏,0,81,2124,4367,2020-03-01 04:25:36,False,,"#coronavirus, #Japan"
RT @NHKWORLD_News: The total number of confirmed infections with the new #coronavirus in #Japan stands at 947 as of 10:30 a.m. Sunday. They‚Ä¶,zalbesael,Â§ßÈò™,0,81,163,1668,2020-03-01 04:24:33,False,,"#coronavirus, #Japan"
RT @NHKWORLD_News: The total number of confirmed infections with the new #coronavirus in #Japan stands at 947 as of 10:30 a.m. Sunday. They‚Ä¶,ghari1,"Tokyo, Japan",0,81,1093,20605,2020-03-01 04:21:33,False,,"#coronavirus, #Japan"
RT @NHKWORLD_News: The total number of confirmed infections with the new #coronavirus in #Japan stands at 947 as of 10:30 a.m. Sunday. They‚Ä¶,4choumeumeboshi,NK„Å®BK,0,81,52,20328,2020-03-01 04:21:31,False,,"#coronavirus, #Japan"
RT @NHKWORLD_News: The total number of confirmed infections with the new #coronavirus in #Japan stands at 947 as of 10:30 a.m. Sunday. They‚Ä¶,tipofthetongue7,,0,81,287,4518,2020-03-01 04:20:56,False,,"#coronavirus, #Japan"
RT @NHKWORLD_News: The total number of confirmed infections with the new #coronavirus in #Japan stands at 947 as of 10:30 a.m. Sunday. They‚Ä¶,39dayzero,,0,81,412,99561,2020-03-01 04:20:55,False,,"#coronavirus, #Japan"
RT @NHKWORLD_News: The total number of confirmed infections with the new #coronavirus in #Japan stands at 947 as of 10:30 a.m. Sunday. They‚Ä¶,izonesakura11,,0,81,171,18400,2020-03-01 04:20:47,False,,"#coronavirus, #Japan"
RT @NHKWORLD_News: The total number of confirmed infections with the new #coronavirus in #Japan stands at 947 as of 10:30 a.m. Sunday. They‚Ä¶,TheFallingStar,"Vancouver, Canada",0,81,698,16800,2020-03-01 04:19:59,False,,"#coronavirus, #Japan"
RT @NHKWORLD_News: The total number of confirmed infections with the new #coronavirus in #Japan stands at 947 as of 10:30 a.m. Sunday. They‚Ä¶,GoiNat26,,0,81,378,70557,2020-03-01 04:19:52,False,,"#coronavirus, #Japan"
RT @NHKWORLD_News: The total number of confirmed infections with the new #coronavirus in #Japan stands at 947 as of 10:30 a.m. Sunday. They‚Ä¶,q_trance,JAPAN RUGBY TEST MATCH 2020 @JRFURugby @JRFUMedia v @WelshRugbyUnion(6/27ÈùôÂ≤°) v @EnglandRugby(7/4ÔΩ•11Â§ßÂàÜÔΩ•Á•ûÊà∏)  @Scotlandteam(11/14) @IrishRugby(11/21),0,81,512,87517,2020-03-01 04:19:41,False,,"#coronavirus, #Japan"
RT @NHKWORLD_News: The total number of confirmed infections with the new #coronavirus in #Japan stands at 947 as of 10:30 a.m. Sunday. They‚Ä¶,JasonCoombsCEO,"Redwood City, California",0,81,1730,18955,2020-03-01 04:19:31,False,,"#coronavirus, #Japan"
RT @NHKWORLD_News: The total number of confirmed infections with the new #coronavirus in #Japan stands at 947 as of 10:30 a.m. Sunday. They‚Ä¶,ryan_chua,Hong Kong,0,81,426477,52868,2020-03-01 04:19:18,False,,"#coronavirus, #Japan"
RT @NHKWORLD_News: The total number of confirmed infections with the new #coronavirus in #Japan stands at 947 as of 10:30 a.m. Sunday. They‚Ä¶,Risk_Nerd,New Zealand,0,81,677,50162,2020-03-01 04:19:12,False,,"#coronavirus, #Japan"
The total number of confirmed infections with the new #coronavirus in #Japan stands at 947 as of 10:30 a.m. Sunday.‚Ä¶ https://t.co/BRKVkNgIlv,NHKWORLD_News,"Tokyo, Japan",60,81,64945,50600,2020-03-01 04:18:46,True,,"#coronavirus, #Japan"
"RT @11GroupLtd: Well, the new situation right now.  #coronavirus #China #Italy #covid19 #Wuhanoutbreak #chinanews #virus #Corona #news #jap‚Ä¶",sobernas12,,0,41,0,55,2020-03-01 04:07:40,False,,"#coronavirus, #China, #Italy, #covid19, #Wuhanoutbreak, #chinanews, #virus, #Corona, #news"
"RT @BillyMallard: #Japan #coronavirus Oita-style: Gather all the school kids together on Sunday before schools close to tell them, DON‚ÄôT GA‚Ä¶",hawthornberries,,0,1,850,55620,2020-03-01 04:06:56,False,,"#Japan, #coronavirus"
"RT @NHKWORLD_News: To contain the coronavirus, Japan's government wants to close all schools for the rest of the term. That could affect 12‚Ä¶",makoto_au_japon,#Gen√®ve #Geneva üá®üá≠ or #Japan,0,62,2348,84695,2020-03-01 04:03:54,False,,
"RT @11GroupLtd: Well, the new situation right now.  #coronavirus #China #Italy #covid19 #Wuhanoutbreak #chinanews #virus #Corona #news #jap‚Ä¶",roselinebittn11,,0,41,0,9,2020-03-01 04:03:20,False,,"#coronavirus, #China, #Italy, #covid19, #Wuhanoutbreak, #chinanews, #virus, #Corona, #news"
"RT @EDNewsChina: The Chinese government will donate 5,000 sets of protective clothing and 100,000 masks to Japan in batches, the first two‚Ä¶",Rivka54,,0,1,30,1790,2020-03-01 04:01:04,False,,
"Tokyo and Beijing are leaning towards delaying Chinese President Xi Jinping‚Äôs state visit to Japan, originally plan‚Ä¶ https://t.co/ADgwnv3Fcd",Apex_WW,US ,3,1,2764,8491,2020-03-01 03:55:48,False,,
"#Japan #coronavirus Oita-style: Gather all the school kids together on Sunday before schools close to tell them, DO‚Ä¶ https://t.co/8FGYB4hDjU",BillyMallard,Tokyo,2,1,3008,7354,2020-03-01 03:53:49,True,,"#Japan, #coronavirus"
"RT @CEDRdigital: #Coronavirus UPDATE Feb 29 9PM EST The current GLOBAL statistics - Confirmed cases in: -86,979 total inüåé -79,824 Mainland‚Ä¶",adekleine,,0,9,811,372891,2020-03-01 03:51:25,False,,#Coronavirus
"RT @NHKWORLD_News: To contain the coronavirus, Japan's government wants to close all schools for the rest of the term. That could affect 12‚Ä¶",TheBondFreak,"Nashville, TN",0,62,7567,30060,2020-03-01 03:50:25,False,,
"RT @ChinaDaily: The Chinese government will donate 5,000 sets of protective clothing and 100,000 masks to #Japan in batches, the first two‚Ä¶",resh_mohan,"Kerala, India",0,51,67,18252,2020-03-01 03:49:12,False,,#Japan
"RT @NHKWORLD_News: To contain the coronavirus, Japan's government wants to close all schools for the rest of the term. That could affect 12‚Ä¶",shabrina_adliah,,0,62,45,7881,2020-03-01 03:48:10,False,,
"RT @NHKWORLD_News: To contain the coronavirus, Japan's government wants to close all schools for the rest of the term. That could affect 12‚Ä¶",earthvenue_,Japan,0,62,50,2094,2020-03-01 03:46:58,False,,
"RT @11GroupLtd: Well, the new situation right now.  #coronavirus #China #Italy #covid19 #Wuhanoutbreak #chinanews #virus #Corona #news #jap‚Ä¶",steffanieeldr13,,0,41,0,45,2020-03-01 03:45:40,False,,"#coronavirus, #China, #Italy, #covid19, #Wuhanoutbreak, #chinanews, #virus, #Corona, #news"
"RT @FreeD_West: WTF! We have explosions of #Coronavirus cases in #Iran, #Italy, #SKorea, #Japan. Now #Australia opens the gates to potentia‚Ä¶",WWJ71017,,0,68,163,53277,2020-03-01 03:44:45,False,,"#Coronavirus, #Iran, #Italy, #SKorea, #Japan, #Australia"
"RT @IndoPac_Info: #coronavirus Worldwide Case Count:   Just updated: New cases in 35 countries  4 new deaths each in #SouthKorea &amp; #Italy,‚Ä¶",vishaltg,India,0,78,2167,88770,2020-03-01 03:44:22,False,,"#coronavirus, #SouthKorea, #Italy"
RT @therisingwasabi: English Teachers Celebrate Paid Coronavirus Holiday By Intermingling With Hordes Of Drunk People https://t.co/80b0jdAT‚Ä¶,harroteacher,"Kumamoto-ken, Japan",0,2,165,1403,2020-03-01 03:40:19,False,,
South Korea parasitizing Japan.  They rely on Japan only when they want help. Only the South Koreans have continued‚Ä¶ https://t.co/H0CQ90AOaR,rei_rei_4649,,0,0,8,403,2020-03-01 03:39:43,False,,
Live Updatesüëá Total confirmed in #China Ôºö79968 #southkorea :3150 #iran :593 #japan : 240 #Italy Ôºö1128 #US : 63‚Ä¶ https://t.co/7D1LLMoCIx,fightcovasone,,0,0,39,157,2020-03-01 03:38:13,False,,"#China, #southkorea, #iran, #japan, #Italy, #US"
"RT @schestowitz: ""I was wasting more time writing and reading epidemic curves due to COVID-19. Not sure if me doing that helped anything.""‚Ä¶",j082298,FL,0,2,4744,145480,2020-03-01 03:36:03,False,,
"""I was wasting more time writing and reading epidemic curves due to COVID-19. Not sure if me doing that helped anyt‚Ä¶ https://t.co/1etmCiYtET",schestowitz,North Pole,2,2,7973,740990,2020-03-01 03:35:50,False,,
"#IsraeltheRegion #coronavirus #COVID19 #Japan Coronavirus ricochets across globe, altering daily life‚Ä¶ https://t.co/6fd2P7IiTf",4PawShop,Canada,0,0,5390,831697,2020-03-01 03:33:33,False,,"#IsraeltheRegion, #coronavirus, #COVID19, #Japan"
"RT @CEDRdigital: #Coronavirus UPDATE Feb 29 9PM EST The current GLOBAL statistics - Confirmed cases in: -86,979 total inüåé -79,824 Mainland‚Ä¶",thartman2u,,0,9,1509,34910,2020-03-01 03:31:45,False,,#Coronavirus
"RT @CEDRdigital: #Coronavirus UPDATE Feb 29 9PM EST The current GLOBAL statistics - Confirmed cases in: -86,979 total inüåé -79,824 Mainland‚Ä¶",fight4freedom72,Somewhere over the rainbow,0,9,1456,512699,2020-03-01 03:31:39,False,,#Coronavirus
"RT @CEDRdigital: #Coronavirus UPDATE Feb 29 9PM EST The current GLOBAL statistics - Confirmed cases in: -86,979 total inüåé -79,824 Mainland‚Ä¶",Maryamshh,,0,9,233,5494,2020-03-01 03:30:35,False,,#Coronavirus
"RT @CEDRdigital: #Coronavirus UPDATE Feb 29 9PM EST The current GLOBAL statistics - Confirmed cases in: -86,979 total inüåé -79,824 Mainland‚Ä¶",robinso13,"West Chester, PA",0,9,3693,28363,2020-03-01 03:30:00,False,,#Coronavirus
"The Chinese government will donate 5,000 sets of protective clothing and 100,000 masks to Japan in batches, the fir‚Ä¶ https://t.co/EKlLunPyzC",EDNewsChina,"Âåó‰∫¨, ‰∏≠Âçé‰∫∫Ê∞ëÂÖ±ÂíåÂõΩ",4,1,5440,1879,2020-03-01 03:29:46,False,,
"RT @NHKWORLD_News: To contain the coronavirus, Japan's government wants to close all schools for the rest of the term. That could affect 12‚Ä¶",fasciolahptc,"Miyazaki-shi, Miyazaki",0,62,44,1668,2020-03-01 03:28:27,False,,
"#Coronavirus UPDATE Feb 29 9PM EST The current GLOBAL statistics - Confirmed cases in: -86,979 total inüåé -79,824 Ma‚Ä¶ https://t.co/S1YtRDemKy",CEDRdigital,United States,7,9,7101,16465,2020-03-01 03:28:13,False,,#Coronavirus
"RT @ChinaDaily: The Chinese government will donate 5,000 sets of protective clothing and 100,000 masks to #Japan in batches, the first two‚Ä¶",heqing6,"Islamabad, Pakistan",0,51,138,2688,2020-03-01 03:22:58,False,,#Japan
#Japan government strongly ask people to refrain on mass gathering. But some ruling lawmakers held political fundra‚Ä¶ https://t.co/NGufXEJmx5,JapanCalled,Japan  –Ø–ø–æ–Ω–∏—è,0,0,106,4773,2020-03-01 03:19:28,False,,#Japan
RT @PublicSquareNG: #CoronaVirus-Country actions so far:  *#Japan closes #schools for a month  *#Iran suspends Friday prayers  *#SouthKorea‚Ä¶,GidiLiveNG,"Lagos, Nigeria",0,11,833,13882,2020-03-01 03:17:51,False,,"#CoronaVirus, #Japan, #schools, #Iran, #SouthKorea"
RT @poisonedpshow: This is what's coming to the U.S and the #CDC is downplaying the situation. All flights from affected locations should b‚Ä¶,andie2k15,,0,35,12,418,2020-03-01 03:15:38,False,,#CDC
RT @ContagionTrack: IMPORTANT: The #coronavirus is mutating. The #Wuhan variant and #Japan variant are different. This is why traditional c‚Ä¶,fxllc,United States,0,49,102,133,2020-03-01 03:14:25,False,,"#coronavirus, #Wuhan, #Japan"
"RT @NHKWORLD_News: To contain the coronavirus, Japan's government wants to close all schools for the rest of the term. That could affect 12‚Ä¶",ghari1,"Tokyo, Japan",0,62,1093,20605,2020-03-01 03:12:10,False,,
"RT @ChinaDaily: The Chinese government will donate 5,000 sets of protective clothing and 100,000 masks to #Japan in batches, the first two‚Ä¶",diepsychologie,Korea,0,51,3849,116842,2020-03-01 03:10:25,False,,#Japan
RT @ContagionTrack: IMPORTANT: The #coronavirus is mutating. The #Wuhan variant and #Japan variant are different. This is why traditional c‚Ä¶,LisaMarieChoko4,,0,49,237,9447,2020-03-01 03:05:21,False,,"#coronavirus, #Wuhan, #Japan"
".@nytimes reports on #Coronavirus testing in #Japan: ""In Graying Japan, Many Are Vulnerable but Few Are Being Teste‚Ä¶ https://t.co/wmijhuxaxR",IntJnlOPN,Worldwide,1,0,1641,3690,2020-03-01 03:02:00,False,,"#Coronavirus, #Japan"
RT @KjeldDuits: The run on toilet paper continues in #Japan as people seem to pay more attention to #coronavirus rumors than facts  In this‚Ä¶,il_elle,,0,21,13,997,2020-03-01 03:01:15,False,,"#Japan, #coronavirus"
RT @Duktiamat: This shows you the Quarantine needs to be st least 30 days #Japan #CoronavirusOutbreak #coronavirus #Covid_19 #pandemic #Dia‚Ä¶,Cioccolata234,Aotearoa New Zealand.,0,2,801,38908,2020-03-01 02:57:38,False,,"#Japan, #CoronavirusOutbreak, #coronavirus, #Covid_19, #pandemic"
RT @insidethegames: State of emergency declared in #Olympic city #Sapporo due to #coronavirus outbreak https://t.co/OXBu1Ep1Dz #Tokyo2020 #‚Ä¶,kannandelhi,India,0,9,688,22149,2020-03-01 02:57:15,False,,"#Olympic, #Sapporo, #coronavirus, #Tokyo2020"
"RT @mrjeffu: As #coronavirus fears spread across Japan, the Tokyo Metropolitan Government's official YouTube channel rolls out a cringe-wor‚Ä¶",BibLiotEchhh,Â¥ñ„Å®Â≠§Â≥∂,0,105,165,49073,2020-03-01 02:55:49,False,,#coronavirus
RT @insidethegames: State of emergency declared in #Olympic city #Sapporo due to #coronavirus outbreak https://t.co/OXBu1Ep1Dz #Tokyo2020 #‚Ä¶,kushansarkar,New Delhi,0,9,2176,29189,2020-03-01 02:55:35,False,,"#Olympic, #Sapporo, #coronavirus, #Tokyo2020"
"RT @11GroupLtd: Well, the new situation right now.  #coronavirus #China #Italy #covid19 #Wuhanoutbreak #chinanews #virus #Corona #news #jap‚Ä¶",karissalouis12,,0,41,0,8,2020-03-01 02:55:26,False,,"#coronavirus, #China, #Italy, #covid19, #Wuhanoutbreak, #chinanews, #virus, #Corona, #news"
"RT @RinaNakanoTV: My mom had to cancel to her trip to #Japan next month. For those who are already there or are visiting, here are some of‚Ä¶",zacharyt515,United States,0,1,204,27529,2020-03-01 02:54:45,False,,#Japan
@rlamartini @ScottGottliebMD Re: use of masks: If NO masks were used other than healthcare workers and those who ar‚Ä¶ https://t.co/miR7sBfnbK,Pappa_Young,Borderless,0,0,18,622,2020-03-01 02:52:59,False,,
Anyone in japan right now? What‚Äôs it like for travellers since most major attractions are closed? #coronavirus #japan,mariahthorpex,"Hell, MI",1,0,974,6509,2020-03-01 02:51:11,False,,"#coronavirus, #japan"
RT @ContagionTrack: IMPORTANT: The #coronavirus is mutating. The #Wuhan variant and #Japan variant are different. This is why traditional c‚Ä¶,Maristlizard,,0,49,942,9886,2020-03-01 02:45:25,False,,"#coronavirus, #Wuhan, #Japan"
"RT @IndoPac_Info: #coronavirus Worldwide Case Count:   Just updated: New cases in 35 countries  4 new deaths each in #SouthKorea &amp; #Italy,‚Ä¶",BebeNiYojan17,,0,78,150,41229,2020-03-01 02:44:10,False,,"#coronavirus, #SouthKorea, #Italy"
Very difficult get mask for Japanese in Japan. coz Chinese buying out by annoying Chinese reseller. And They making‚Ä¶ https://t.co/rNcyUkwwOl,fufufu38060363,,1,0,2,59,2020-03-01 02:42:59,False,,
"If you thought #COVID19 #coronavirus was being handled incompenently in #Japan, just wait until you see how the‚Ä¶ https://t.co/yj6jvKMx5a",murakamiwood,Tokyo,4,0,3013,14105,2020-03-01 02:39:38,False,,"#COVID19, #coronavirus, #Japan"
"RT @11GroupLtd: Well, the new situation right now.  #coronavirus #China #Italy #covid19 #Wuhanoutbreak #chinanews #virus #Corona #news #jap‚Ä¶",paulenekell9,,0,41,0,62,2020-03-01 02:35:48,False,,"#coronavirus, #China, #Italy, #covid19, #Wuhanoutbreak, #chinanews, #virus, #Corona, #news"
RT @NHKWORLD_News: The governor of the northern prefecture of #Hokkaido has declared the spread of the #virus in his prefecture an #emergen‚Ä¶,Joseph4Meg,,0,179,1346,67553,2020-03-01 02:35:37,False,,"#Hokkaido, #virus"
"In all of Japan üáØüáµ Buyers Panic of Toilet üöΩ paper üßª, Kitchen paper üßª, tissue paper. #Epidemic #Pandemic , #JapanÔøº‚Ä¶ https://t.co/CvZgxrDiT6",WATLEYIII,Japan,0,0,2689,4123,2020-03-01 02:35:11,False,,"#Epidemic, #Pandemic, #Japan"
"RT @thats_the_japan: Opposition party suggested to spend more budget for measures of #COVID19 from reserved budget, but ruling party Libera‚Ä¶",ManahoppiMah,Êµ∑„ÅÆËøë„Åè,0,1,896,145999,2020-03-01 02:33:45,False,,#COVID19
"RT @11GroupLtd: Well, the new situation right now.  #coronavirus #China #Italy #covid19 #Wuhanoutbreak #chinanews #virus #Corona #news #jap‚Ä¶",karisahansen11,,0,41,0,66,2020-03-01 02:32:08,False,,"#coronavirus, #China, #Italy, #covid19, #Wuhanoutbreak, #chinanews, #virus, #Corona, #news"
RT @ContagionTrack: IMPORTANT: The #coronavirus is mutating. The #Wuhan variant and #Japan variant are different. This is why traditional c‚Ä¶,rickricardobr,,0,49,284,8001,2020-03-01 02:31:47,False,,"#coronavirus, #Wuhan, #Japan"
Woman who recovered from #coronavirus tests positive for it again in¬†#Japan https://t.co/8QtOAujM2e,usacustomers,USA ,0,0,3750,37902,2020-03-01 02:29:12,False,,"#coronavirus, #Japan"
"RT @11GroupLtd: Well, the new situation right now.  #coronavirus #China #Italy #covid19 #Wuhanoutbreak #chinanews #virus #Corona #news #jap‚Ä¶",louisacowen7,,0,41,0,59,2020-03-01 02:28:13,False,,"#coronavirus, #China, #Italy, #covid19, #Wuhanoutbreak, #chinanews, #virus, #Corona, #news"
RT @KjeldDuits: The run on toilet paper continues in #Japan as people seem to pay more attention to #coronavirus rumors than facts  In this‚Ä¶,ichi_roudousha,,0,21,733,74488,2020-03-01 02:26:28,False,,"#Japan, #coronavirus"
