text,location,favorite_count,retweet_count,followers_count,statuses_count,time_stamp,verified,coordinates,hashtags
People in #Italy are already tired of keeping shops closed and staying indoors because of the #coronavirus!Shops arâ€¦ https://t.co/a9b53OwVrO,,0,0,454,21335,2020-02-28 18:00:37,False,,"#Italy, #coronavirus"
RT @lumosbio: Nice #DataViz breakdown of the state of #COVID19 patients in ğŸ‡®ğŸ‡¹ based on 528 #s earlier today:  ğŸŸ¡ Self Isolated at home (52.8â€¦,,0,9,219,11509,2020-02-28 18:00:34,False,,"#DataViz, #COVID19, #s"
"RT @sotirisioannidi: @c4iiot 2nd plenary meeting, focusing on tech, tools, #minimum #viable #product, and #security solutions for the entirâ€¦","Î—ÏÎ¬ÎºÎ»ÎµÎ¹Î¿, Î•Î»Î»Î¬Ï‚",0,2,48,812,2020-02-28 18:00:17,False,,"#minimum, #viable, #product, #security"
"RT @sotirisioannidi: @c4iiot 2nd plenary meeting, focusing on tech, tools, #minimum #viable #product, and #security solutions for the entirâ€¦","Heraklion, Greece",0,2,62,1556,2020-02-28 18:00:17,False,,"#minimum, #viable, #product, #security"
"#BREAKING: ğŸ‡®ğŸ‡¹ #Italy: 888 cases, four more deaths! Italy's Civil Protection authorities announced that the number oâ€¦ https://t.co/UUdV9gn1q6",,0,0,0,5,2020-02-28 18:00:12,False,,"#BREAKING, #Italy"
"RT @WHO: @DrTedros ""Since yesterday, ğŸ‡©ğŸ‡°, ğŸ‡ªğŸ‡ª, ğŸ‡±ğŸ‡¹, ğŸ‡³ğŸ‡± &amp; ğŸ‡³ğŸ‡¬ have all reported their first #COVID19 cases. All these cases have links to #Italyâ€¦",Colombia,0,176,4971,23706,2020-02-28 17:59:55,False,,"#COVID19, #Italy"
"@c4iiot 2nd plenary meeting, focusing on tech, tools, #minimum #viable #product, and #security solutions for the enâ€¦ https://t.co/pO1PWGa3im",,2,2,498,1247,2020-02-28 17:59:41,False,,"#minimum, #viable, #product, #security"
RT @SolihullUpdates: A #Solihull school is to reopen after tests for #Coronavirus proved negative. Tudor Grange Academy #Kingshurst was forâ€¦,"Birmingham, UK",0,1,295909,337434,2020-02-28 17:59:16,True,,"#Solihull, #Coronavirus, #Kingshurst"
"RT @WHO: @DrTedros ""Since yesterday, ğŸ‡©ğŸ‡°, ğŸ‡ªğŸ‡ª, ğŸ‡±ğŸ‡¹, ğŸ‡³ğŸ‡± &amp; ğŸ‡³ğŸ‡¬ have all reported their first #COVID19 cases. All these cases have links to #Italyâ€¦","New York, USA",0,176,1646,97563,2020-02-28 17:57:55,False,,"#COVID19, #Italy"
#Coronavirus #Italy #Italia Total cases: 888 233 new cases inless than 24 hrs.,Tuscany Italy,0,0,1176,59990,2020-02-28 17:57:13,False,,"#Coronavirus, #Italy, #Italia"
Perhaps it's time for @WHO to give us the # of annual pneumonia cases not-related to #coronavirus in all such countâ€¦ https://t.co/5wxT0Ja0d8,"Waterloo, Ontario",0,0,2947,6321,2020-02-28 17:57:12,False,,#coronavirus
Exponential growth in #coronavirus cases in #Italy https://t.co/tDIFivPndn,à¤­à¤¾à¤°à¤¤,0,0,918,1006,2020-02-28 17:56:49,False,,"#coronavirus, #Italy"
"""Global markets are on course for their worst week since the 2008 financial crisis."" https://t.co/voDjg99ZnW $NNVCâ€¦ https://t.co/DAizRKfqn5","Shelton, CT",0,0,31,129,2020-02-28 17:56:31,False,,
A #Solihull school is to reopen after tests for #Coronavirus proved negative. Tudor Grange Academy #Kingshurst wasâ€¦ https://t.co/lv9hIEx4hY,Solihull,0,1,14897,35691,2020-02-28 17:56:21,False,,"#Solihull, #Coronavirus, #Kingshurst"
RT @GertJanEU: The #EU's civil protection mechanism costs citizens just a fraction of a cent per day. It helps Member States getting accessâ€¦,Hove Actually,0,16,81,15300,2020-02-28 17:56:13,False,,#EU
"@CDCarter13 @MichaelScullin1 Im sure with #coronavirus ,there are GREAT SPECIALS on @glennbeck cruise to #Italyâ€¦ https://t.co/l96wxOmFOD","Poconos, USA  #MAGAcountry",0,0,6496,262206,2020-02-28 17:55:27,False,,"#coronavirus, #Italy"
"RT @WHO: @DrTedros ""Since yesterday, ğŸ‡©ğŸ‡°, ğŸ‡ªğŸ‡ª, ğŸ‡±ğŸ‡¹, ğŸ‡³ğŸ‡± &amp; ğŸ‡³ğŸ‡¬ have all reported their first #COVID19 cases. All these cases have links to #Italyâ€¦","Lagos, Nigeria",0,176,12,331,2020-02-28 17:55:20,False,,"#COVID19, #Italy"
~ IT'S A TRUE STORY ~ It won't be a Virus to stop the Aperitif with Friends!  ğŸ‘Š  #Italy #ItalyCoronavirusâ€¦ https://t.co/G6u3NPJqZz,Italy,0,0,1333,22945,2020-02-28 17:55:17,False,,"#Italy, #ItalyCoronavirus"
"RT @Jerusalem_Post: #BREAKING: A seventh Israeli citizen has been diagnosed with #coronavirus, according to a statement by the Israeli Miniâ€¦",Korea,0,22,3852,116680,2020-02-28 17:55:09,False,,"#BREAKING, #coronavirus"
RT @realKyleOlbert: Racism towards #Chinaâ€™s people â€” who are victims of the #CCP â€” is reprehensible.  Hugging &amp; kissing strangers â€” of anyâ€¦,,0,160,316,7983,2020-02-28 17:54:47,False,,"#China, #CCP"
RT @gorgenis: Passengers fly into #UK from northern #Italy without #coronavirus checks #CoronaVirusUpdates #CoronavirusOutbreak #Coronavid1â€¦,Tuscany Italy,0,1,1176,59990,2020-02-28 17:54:32,False,,"#UK, #Italy, #coronavirus, #CoronaVirusUpdates, #CoronavirusOutbreak"
#Macron #Merkel #Congo #migrants protest concert in #Paris Burn down #GaredeLyon Now #Turkey says it will no longerâ€¦ https://t.co/L0jlptnL24,France,1,0,78,426,2020-02-28 17:54:04,False,,"#Macron, #Merkel, #Congo, #migrants, #Paris, #GaredeLyon, #Turkey"
New surveillance system for early detection of #COVIDãƒ¼19 by @PHE_uk and @NHSuk NHS It is of great benefit to followâ€¦ https://t.co/pwXdDR8bDs,"Cardiff/Newport, Wales",0,0,5225,6056,2020-02-28 17:53:49,False,,#COVIDãƒ¼19
RT @chidambara09: 100 #healthworkers were exposed to undiagnosed #coronavirus patient https://t.co/pm9AbnwSdL via @MailOnline   #bigdata  @â€¦,Mysore  and  BERLIN,0,5,6263,918683,2020-02-28 17:53:39,False,,"#healthworkers, #coronavirus, #bigdata"
"RT @CoronaTurkeyEN: BREAKING: A seventh Israeli citizen has been diagnosed with coronavirus, according to a statement by the Israeli Ministâ€¦",Tuscany Italy,0,2,1176,59990,2020-02-28 17:53:36,False,,
"RT @AdrianNBCLA: #Mexico also confirming two new cases of #coronavirus. One patient in Mexico City, the other in Sinaloa. One of the men waâ€¦","Dothan, AL",0,7,252,5376,2020-02-28 17:53:30,False,,"#Mexico, #coronavirus"
"RT @WHO: @DrTedros ""Since yesterday, ğŸ‡©ğŸ‡°, ğŸ‡ªğŸ‡ª, ğŸ‡±ğŸ‡¹, ğŸ‡³ğŸ‡± &amp; ğŸ‡³ğŸ‡¬ have all reported their first #COVID19 cases. All these cases have links to #Italyâ€¦",Lagos & London ,0,176,434,2054,2020-02-28 17:53:28,False,,"#COVID19, #Italy"
"RT @WHO: @DrTedros ""Since yesterday, ğŸ‡©ğŸ‡°, ğŸ‡ªğŸ‡ª, ğŸ‡±ğŸ‡¹, ğŸ‡³ğŸ‡± &amp; ğŸ‡³ğŸ‡¬ have all reported their first #COVID19 cases. All these cases have links to #Italyâ€¦",,0,176,235,5340,2020-02-28 17:53:25,False,,"#COVID19, #Italy"
RT @newsfreak1984: #BREAKING  Seventh #Israeli tests positive for #coronavirus after returning from #Italy @BNODesk  https://t.co/bVD4E7k172,Kuwait,0,2,179,10272,2020-02-28 17:53:11,False,,"#BREAKING, #Israeli, #coronavirus, #Italy"
RT @newsfreak1984: #BREAKING  Seventh #Israeli tests positive for #coronavirus after returning from #Italy @BNODesk  https://t.co/bVD4E7k172,By the airlock,0,2,136,3447,2020-02-28 17:52:54,False,,"#BREAKING, #Israeli, #coronavirus, #Italy"
#Macron #Merkel #Congo #migrants protest concert in #Paris Burn down #GaredeLyon Now #Turkey says it will no longerâ€¦ https://t.co/zGU8CgJlXn,France,0,1,78,426,2020-02-28 17:52:10,False,,"#Macron, #Merkel, #Congo, #migrants, #Paris, #GaredeLyon, #Turkey"
"RT @WHO: @DrTedros ""Since yesterday, ğŸ‡©ğŸ‡°, ğŸ‡ªğŸ‡ª, ğŸ‡±ğŸ‡¹, ğŸ‡³ğŸ‡± &amp; ğŸ‡³ğŸ‡¬ have all reported their first #COVID19 cases. All these cases have links to #Italyâ€¦", Â¡Î  Ï¯Ğ½Î Ï¦à¸šÂ¡Ä¿ÃÂ¡È Æ.,0,176,408,24007,2020-02-28 17:51:58,False,,"#COVID19, #Italy"
RT @Super_Said: #Mexico confirms its first case of #COVID19 â€” a 35-year-old male who had contact with someone who had traveled to #Italy...â€¦,Mexico City,0,3,10113,31014,2020-02-28 17:51:44,False,,"#Mexico, #COVID19, #Italy"
"RT @TrishaThomasAP: Latest figures on #coronavirus in Italy: 821 infected, 46 recovered, 21 dead.  Of the 821, 412 are in isolation at homeâ€¦","Rome, Lazio",0,2,547,1603,2020-02-28 17:51:44,False,,#coronavirus
"RT @Jerusalem_Post: #BREAKING: A seventh Israeli citizen has been diagnosed with #coronavirus, according to a statement by the Israeli Miniâ€¦","Sant Esteve de les Roures, Cat",0,22,3629,114378,2020-02-28 17:51:37,False,,"#BREAKING, #coronavirus"
#Macron #Merkel #Congo #migrants protest concert in #Paris Burn down #GaredeLyon Now #Turkey says it will no longerâ€¦ https://t.co/eL3hZg5WUn,France,0,0,78,426,2020-02-28 17:50:06,False,,"#Macron, #Merkel, #Congo, #migrants, #Paris, #GaredeLyon, #Turkey"
RT @LOrion: @WSJ @FT FEB 28 Live #CoronaVirusUpdates THREAD 4: 9:11 a.m. â€˜People are getting a little crazyâ€™: Life in #Italyâ€™s #coronavirusâ€¦,"Montreal, Canada",0,1,1965,67330,2020-02-28 17:50:03,False,,"#CoronaVirusUpdates, #Italy, #coronavirus"
"RT @WHO: @DrTedros ""Since yesterday, ğŸ‡©ğŸ‡°, ğŸ‡ªğŸ‡ª, ğŸ‡±ğŸ‡¹, ğŸ‡³ğŸ‡± &amp; ğŸ‡³ğŸ‡¬ have all reported their first #COVID19 cases. All these cases have links to #Italyâ€¦","Ikorodu, Nigeria",0,176,688,11420,2020-02-28 17:49:57,False,,"#COVID19, #Italy"
RT @realKyleOlbert: Racism towards #Chinaâ€™s people â€” who are victims of the #CCP â€” is reprehensible.  Hugging &amp; kissing strangers â€” of anyâ€¦,UK,0,160,256,509,2020-02-28 17:49:54,False,,"#China, #CCP"
RT @BeholdIsrael: #PopeFrancis cancelled a church service today after he was struck down with illness. The 83-year-year-old pontiff was notâ€¦,United States,0,272,404,13373,2020-02-28 17:49:30,False,,#PopeFrancis
@WSJ @FT FEB 28 Live #CoronaVirusUpdates THREAD 4: 9:11 a.m. â€˜People are getting a little crazyâ€™: Life in #Italyâ€™sâ€¦ https://t.co/sddY7HrScH,California,1,1,4663,344993,2020-02-28 17:49:18,False,,"#CoronaVirusUpdates, #Italy"
RT @Univ_inenglish: #CoronavirusMexico: #Mexicoâ€™s government said on Friday it had detected the first cases of #coronavirus infection (#COVâ€¦,,0,17,10,654,2020-02-28 17:48:18,False,,"#CoronavirusMexico, #Mexico, #coronavirus"
"RT @WHO: @DrTedros ""Since yesterday, ğŸ‡©ğŸ‡°, ğŸ‡ªğŸ‡ª, ğŸ‡±ğŸ‡¹, ğŸ‡³ğŸ‡± &amp; ğŸ‡³ğŸ‡¬ have all reported their first #COVID19 cases. All these cases have links to #Italyâ€¦",,0,176,325,7945,2020-02-28 17:48:07,False,,"#COVID19, #Italy"
"RT @Jerusalem_Post: #BREAKING: A seventh Israeli citizen has been diagnosed with #coronavirus, according to a statement by the Israeli Miniâ€¦",,0,22,375,30625,2020-02-28 17:48:06,False,,"#BREAKING, #coronavirus"
RT @GertJanEU: The #EU's civil protection mechanism costs citizens just a fraction of a cent per day. It helps Member States getting accessâ€¦,London,0,16,16269,16610,2020-02-28 17:48:01,True,,#EU
"RT @WHO: @DrTedros ""Since yesterday, ğŸ‡©ğŸ‡°, ğŸ‡ªğŸ‡ª, ğŸ‡±ğŸ‡¹, ğŸ‡³ğŸ‡± &amp; ğŸ‡³ğŸ‡¬ have all reported their first #COVID19 cases. All these cases have links to #Italyâ€¦","Laguna Beach, Ca",0,176,2634,517794,2020-02-28 17:47:50,False,,"#COVID19, #Italy"
RT @AnninFrance1: Danke #Merkel! #Congo #migrants protest concert in #Paris! Burn down #GaredeLyon Now #Turkey says it will no longer interâ€¦,,0,2,1877,127295,2020-02-28 17:47:25,False,,"#Merkel, #Congo, #migrants, #Paris, #GaredeLyon, #Turkey"
RT @CEDRdigital: Countries w/Most #Coronavirus Growth Outside of China Feb 27th 9pm EST New Confirmed Cases / Total cases/Deaths #SouthKoreâ€¦,,0,7,19,485,2020-02-28 17:47:16,False,,#Coronavirus
"RT @WHO: @DrTedros ""Since yesterday, ğŸ‡©ğŸ‡°, ğŸ‡ªğŸ‡ª, ğŸ‡±ğŸ‡¹, ğŸ‡³ğŸ‡± &amp; ğŸ‡³ğŸ‡¬ have all reported their first #COVID19 cases. All these cases have links to #Italyâ€¦","Ibadan, Nigeria",0,176,408,5818,2020-02-28 17:47:15,False,,"#COVID19, #Italy"
"RT @CoronaTurkeyEN: BREAKING: A seventh Israeli citizen has been diagnosed with coronavirus, according to a statement by the Israeli Ministâ€¦",North West ,0,2,4089,150892,2020-02-28 17:47:02,False,,
RT @chidambara09: 100 #healthworkers were exposed to undiagnosed #coronavirus patient https://t.co/pm9AbnwSdL via @MailOnline   #bigdata  @â€¦,North West ,0,5,4089,150892,2020-02-28 17:46:53,False,,"#healthworkers, #coronavirus, #bigdata"
"Infections in #Greece now 4, all having some connection with #Italy #CoronaVirus #COVID19 https://t.co/BzsKIU3GcB",Southeast EU,0,0,767,38669,2020-02-28 17:46:39,False,,"#Greece, #Italy, #CoronaVirus, #COVID19"
RT @chidambara09: 100 #healthworkers were exposed to undiagnosed #coronavirus patient https://t.co/pm9AbnwSdL via @MailOnline   #bigdata  @â€¦,digitalocean,0,5,1302,95586,2020-02-28 17:46:33,False,,"#healthworkers, #coronavirus, #bigdata"
"RT @Jerusalem_Post: #BREAKING: A seventh Israeli citizen has been diagnosed with #coronavirus, according to a statement by the Israeli Miniâ€¦",United States,0,22,375,6590,2020-02-28 17:46:32,False,,"#BREAKING, #coronavirus"
RT @chidambara09: 100 #healthworkers were exposed to undiagnosed #coronavirus patient https://t.co/pm9AbnwSdL via @MailOnline   #bigdata  @â€¦,Raspberry Pi,0,5,1242,143961,2020-02-28 17:46:06,False,,"#healthworkers, #coronavirus, #bigdata"
"RT @WHO: @DrTedros ""Since yesterday, ğŸ‡©ğŸ‡°, ğŸ‡ªğŸ‡ª, ğŸ‡±ğŸ‡¹, ğŸ‡³ğŸ‡± &amp; ğŸ‡³ğŸ‡¬ have all reported their first #COVID19 cases. All these cases have links to #Italyâ€¦","Mumbai, India",0,176,887,384737,2020-02-28 17:46:04,False,,"#COVID19, #Italy"
Danke #Merkel! #Congo #migrants protest concert in #Paris! Burn down #GaredeLyon Now #Turkey says it will no longerâ€¦ https://t.co/4efYifrgK6,France,1,2,78,426,2020-02-28 17:46:00,False,,"#Merkel, #Congo, #migrants, #Paris, #GaredeLyon, #Turkey"
RT @chidambara09: 100 #healthworkers were exposed to undiagnosed #coronavirus patient https://t.co/pm9AbnwSdL via @MailOnline   #bigdata  @â€¦,The Cloud,0,5,869,71959,2020-02-28 17:45:59,False,,"#healthworkers, #coronavirus, #bigdata"
"RT @Jerusalem_Post: #BREAKING: A seventh Israeli citizen has been diagnosed with #coronavirus, according to a statement by the Israeli Miniâ€¦","Houston, TX",0,22,7816,201217,2020-02-28 17:45:52,False,,"#BREAKING, #coronavirus"
100 #healthworkers were exposed to undiagnosed #coronavirus patient https://t.co/pm9AbnwSdL via @MailOnlineâ€¦ https://t.co/uqGbTg0nr3,Mysore  and  BERLIN,0,5,6263,918683,2020-02-28 17:45:46,False,,"#healthworkers, #coronavirus"
"RT @arabnews: @RusEmbIran @KuwaitAirways @WHO #UPDATE: Number of confirmed cases of #coronavirus in #Italy totals 888, including 21 deathsâ€¦","Houston, TX",0,4,7816,201217,2020-02-28 17:45:37,False,,"#UPDATE, #coronavirus, #Italy"
"RT @WHO: @DrTedros ""Since yesterday, ğŸ‡©ğŸ‡°, ğŸ‡ªğŸ‡ª, ğŸ‡±ğŸ‡¹, ğŸ‡³ğŸ‡± &amp; ğŸ‡³ğŸ‡¬ have all reported their first #COVID19 cases. All these cases have links to #Italyâ€¦",United States,0,176,3435,210662,2020-02-28 17:45:32,False,,"#COVID19, #Italy"
"BREAKING: A seventh Israeli citizen has been diagnosed with coronavirus, according to a statement by the Israeli Miâ€¦ https://t.co/w12DZ8uMSn",Worldwide,1,2,997,277,2020-02-28 17:45:20,False,,
RT @DrDenaGrayson: @thespybrief Infections in #Italy and #Iran *more than doubled in just 2 days* with ~900 #coronavirus cases combined. Peâ€¦,Serving Clients across US,0,95,939,51150,2020-02-28 17:45:18,False,,"#Italy, #Iran, #coronavirus"
"RT @Jerusalem_Post: #BREAKING: A seventh Israeli citizen has been diagnosed with #coronavirus, according to a statement by the Israeli Miniâ€¦",Globally Monitored Data Fusion,0,22,232,8703,2020-02-28 17:45:18,False,,"#BREAKING, #coronavirus"
RT @AnninFrance1: Danke #Merkel! #Congo #migrants protest concert in #Paris! Burn down #GaredeLyon Now #Turkey says it will no longer interâ€¦,,0,1,1877,127295,2020-02-28 17:44:40,False,,"#Merkel, #Congo, #migrants, #Paris, #GaredeLyon, #Turkey"
"RT @Jerusalem_Post: Four more people have died in #Italy from #coronavirus, bringing the total to 21.  https://t.co/BampPQAQ76",People's Republic of China,0,15,2817,191960,2020-02-28 17:44:37,False,,"#Italy, #coronavirus"
"RT @WHO: @DrTedros ""Since yesterday, ğŸ‡©ğŸ‡°, ğŸ‡ªğŸ‡ª, ğŸ‡±ğŸ‡¹, ğŸ‡³ğŸ‡± &amp; ğŸ‡³ğŸ‡¬ have all reported their first #COVID19 cases. All these cases have links to #Italyâ€¦",NoneOfYourBusiness,0,176,11438,372966,2020-02-28 17:43:58,False,,"#COVID19, #Italy"
"RT @TrishaThomasAP: Latest figures on #coronavirus in Italy: 821 infected, 46 recovered, 21 dead.  Of the 821, 412 are in isolation at homeâ€¦",,0,2,4887,16166,2020-02-28 17:43:55,False,,#coronavirus
"RT @Jerusalem_Post: #BREAKING: A seventh Israeli citizen has been diagnosed with #coronavirus, according to a statement by the Israeli Miniâ€¦",O Maryland My Maryland,0,22,2704,169673,2020-02-28 17:43:44,False,,"#BREAKING, #coronavirus"
"RT @WHO: @DrTedros ""Since yesterday, ğŸ‡©ğŸ‡°, ğŸ‡ªğŸ‡ª, ğŸ‡±ğŸ‡¹, ğŸ‡³ğŸ‡± &amp; ğŸ‡³ğŸ‡¬ have all reported their first #COVID19 cases. All these cases have links to #Italyâ€¦","Lagos, Nigeria",0,176,123066,200908,2020-02-28 17:43:36,False,,"#COVID19, #Italy"
RT @forooInc: Anyone know the resource of this video? I got to follow him ğŸ˜â£ â£â£ #italy #virus #uk #us #iran #sars #coronavirus #corona #ncoâ€¦,,0,3,458,981,2020-02-28 17:43:01,False,,"#italy, #virus, #uk, #us, #iran, #sars, #coronavirus, #corona"
Passengers fly into #UK from northern #Italy without #coronavirus checks #CoronaVirusUpdates #CoronavirusOutbreakâ€¦ https://t.co/V1pyQV776K,London,0,1,191,15191,2020-02-28 17:42:59,False,,"#UK, #Italy, #coronavirus, #CoronaVirusUpdates, #CoronavirusOutbreak"
"RT @Jerusalem_Post: #BREAKING: A seventh Israeli citizen has been diagnosed with #coronavirus, according to a statement by the Israeli Miniâ€¦",,0,22,2400,59916,2020-02-28 17:42:17,False,,"#BREAKING, #coronavirus"
"RT @Jerusalem_Post: #BREAKING: A seventh Israeli citizen has been diagnosed with #coronavirus, according to a statement by the Israeli Miniâ€¦",On Air,0,22,94723,133115,2020-02-28 17:42:03,False,,"#BREAKING, #coronavirus"
Danke #Merkel! #Congo #migrants protest concert in #Paris! Burn down #GaredeLyon Now #Turkey says it will no longerâ€¦ https://t.co/8rahHVMQmQ,France,0,1,78,426,2020-02-28 17:41:31,False,,"#Merkel, #Congo, #migrants, #Paris, #GaredeLyon, #Turkey"
"RT @WHO: @DrTedros ""Since yesterday, ğŸ‡©ğŸ‡°, ğŸ‡ªğŸ‡ª, ğŸ‡±ğŸ‡¹, ğŸ‡³ğŸ‡± &amp; ğŸ‡³ğŸ‡¬ have all reported their first #COVID19 cases. All these cases have links to #Italyâ€¦","Manchester, England",0,176,596,10599,2020-02-28 17:41:28,False,,"#COVID19, #Italy"
"RT @Jerusalem_Post: #BREAKING: A seventh Israeli citizen has been diagnosed with #coronavirus, according to a statement by the Israeli Miniâ€¦",,0,22,358,136171,2020-02-28 17:41:21,False,,"#BREAKING, #coronavirus"
The spread of #COVID2019 in #Italy and #Iran is alarming. #coronavirus #CoronaVirusUpdates https://t.co/Pg1vAwq7za,Qatar,0,0,67,757,2020-02-28 17:41:12,False,,"#COVID2019, #Italy, #Iran, #coronavirus, #CoronaVirusUpdates"
"RT @Jerusalem_Post: #BREAKING: A seventh Israeli citizen has been diagnosed with #coronavirus, according to a statement by the Israeli Miniâ€¦",,0,22,25,4695,2020-02-28 17:41:01,False,,"#BREAKING, #coronavirus"
"RT @Jerusalem_Post: #BREAKING: A seventh Israeli citizen has been diagnosed with #coronavirus, according to a statement by the Israeli Miniâ€¦","Cartagena, Colombia",0,22,1331,51991,2020-02-28 17:40:38,False,,"#BREAKING, #coronavirus"
"RT @WHO: @DrTedros ""Since yesterday, ğŸ‡©ğŸ‡°, ğŸ‡ªğŸ‡ª, ğŸ‡±ğŸ‡¹, ğŸ‡³ğŸ‡± &amp; ğŸ‡³ğŸ‡¬ have all reported their first #COVID19 cases. All these cases have links to #Italyâ€¦",,0,176,29,93,2020-02-28 17:40:33,False,,"#COVID19, #Italy"
#BREAKING  Seventh #Israeli tests positive for #coronavirus after returning from #Italy @BNODesk  https://t.co/bVD4E7k172,,1,2,691,2038,2020-02-28 17:40:15,False,,"#BREAKING, #Israeli, #coronavirus, #Italy"
"RT @WHO: @DrTedros ""Since yesterday, ğŸ‡©ğŸ‡°, ğŸ‡ªğŸ‡ª, ğŸ‡±ğŸ‡¹, ğŸ‡³ğŸ‡± &amp; ğŸ‡³ğŸ‡¬ have all reported their first #COVID19 cases. All these cases have links to #Italyâ€¦",,0,176,25,271,2020-02-28 17:40:12,False,,"#COVID19, #Italy"
"RT @Jerusalem_Post: #BREAKING: A 6th Israeli citizen has been diagnosed with #coronavirus. The man lives in northern #Israel, returned fromâ€¦",United Kingdom,0,28,1361,51517,2020-02-28 17:40:12,False,,"#BREAKING, #coronavirus, #Israel"
"RT @Jerusalem_Post: #BREAKING: A seventh Israeli citizen has been diagnosed with #coronavirus, according to a statement by the Israeli Miniâ€¦",Israel,0,22,64,4939,2020-02-28 17:40:06,False,,"#BREAKING, #coronavirus"
"RT @WHO: @DrTedros ""Since yesterday, ğŸ‡©ğŸ‡°, ğŸ‡ªğŸ‡ª, ğŸ‡±ğŸ‡¹, ğŸ‡³ğŸ‡± &amp; ğŸ‡³ğŸ‡¬ have all reported their first #COVID19 cases. All these cases have links to #Italyâ€¦","Tehran, Iran",0,176,752,18641,2020-02-28 17:39:55,False,,"#COVID19, #Italy"
"RT @Jerusalem_Post: #BREAKING: A seventh Israeli citizen has been diagnosed with #coronavirus, according to a statement by the Israeli Miniâ€¦","Washington, USA",0,22,456,9285,2020-02-28 17:39:52,False,,"#BREAKING, #coronavirus"
"RT @Jerusalem_Post: #BREAKING: A seventh Israeli citizen has been diagnosed with #coronavirus, according to a statement by the Israeli Miniâ€¦",,0,22,34,3001,2020-02-28 17:39:24,False,,"#BREAKING, #coronavirus"
"RT @EC_Kosters: Good morning from near Milan Malpensa airport. If I taught #geology here, Iâ€™d have my class do an Alpine Provenance lab basâ€¦",likely west of Germany,0,0,131,7936,2020-02-28 17:39:23,False,,#geology
"Latest figures on #coronavirus in Italy: 821 infected, 46 recovered, 21 dead.  Of the 821, 412 are in isolation atâ€¦ https://t.co/vQbErZiezo","Rome, Italy",3,2,4798,5196,2020-02-28 17:39:17,True,,#coronavirus
RT @AnninFrance1: Danke #Merkel! #Congo #migrants protest concert in #Paris! Burn down #GaredeLyon Now #Turkey says it will no longer interâ€¦,United States,0,1,3821,62808,2020-02-28 17:39:00,False,,"#Merkel, #Congo, #migrants, #Paris, #GaredeLyon, #Turkey"
"RT @newsaspect: #Italy, #coronavirus situation update: 821 cases in #Italy  https://t.co/fhxmvqo6eg https://t.co/fzxNN4SNv2",EspaÃ±a,0,3,167,31939,2020-02-28 17:38:53,False,,"#Italy, #coronavirus, #Italy"
"RT @arabnews: @RusEmbIran @KuwaitAirways @WHO #UPDATE: Number of confirmed cases of #coronavirus in #Italy totals 888, including 21 deathsâ€¦",,0,4,31,1401,2020-02-28 17:38:45,False,,"#UPDATE, #coronavirus, #Italy"
"RT @Jerusalem_Post: #BREAKING: A seventh Israeli citizen has been diagnosed with #coronavirus, according to a statement by the Israeli Miniâ€¦","Florida, USA",0,22,1497,14032,2020-02-28 17:38:16,False,,"#BREAKING, #coronavirus"
"RT @arabnews: @RusEmbIran @KuwaitAirways @WHO #UPDATE: Number of confirmed cases of #coronavirus in #Italy totals 888, including 21 deathsâ€¦",,0,4,192,16486,2020-02-28 17:38:11,False,,"#UPDATE, #coronavirus, #Italy"
"RT @marklowen: #Italy is now the most affected country in Europe by #Coronavirus. With +100 cases and 2 deaths, 50,000 people are under locâ€¦",Oklahoma,0,1197,6039,201424,2020-02-28 17:38:11,False,,"#Italy, #Coronavirus"
"@RusEmbIran @KuwaitAirways @WHO #UPDATE: Number of confirmed cases of #coronavirus in #Italy totals 888, includingâ€¦ https://t.co/xj6H4a7hGg",Saudi Arabia,1,4,217003,200324,2020-02-28 17:37:58,True,,"#UPDATE, #coronavirus, #Italy"
"RT @Jerusalem_Post: Four more people have died in #Italy from #coronavirus, bringing the total to 21.  https://t.co/BampPQAQ76",Yakima,0,15,187,6382,2020-02-28 17:37:53,False,,"#Italy, #coronavirus"
"RT @Jerusalem_Post: Four more people have died in #Italy from #coronavirus, bringing the total to 21.  https://t.co/BampPQAQ76",,0,15,358,136171,2020-02-28 17:37:52,False,,"#Italy, #coronavirus"
"RT @RYB_NL: The #coronavirus outbreak was confirmed to have spread to Italy on 31 Jan 2020, when two Chinese tourists tested positive in Roâ€¦","Belgium, Amsterdam HQ",0,1,314,1474,2020-02-28 17:37:48,False,,#coronavirus
#Coronavirus #Italy Total cases: 821  (daily increases approx. 15% increase each day). Deaths: 21 Critical cases: 5â€¦ https://t.co/JWKBe9uVh5,Tuscany Italy,0,0,1176,59990,2020-02-28 17:37:46,False,,"#Coronavirus, #Italy"
"RT @Jerusalem_Post: #BREAKING: A seventh Israeli citizen has been diagnosed with #coronavirus, according to a statement by the Israeli Miniâ€¦",,0,22,1626,277140,2020-02-28 17:37:44,False,,"#BREAKING, #coronavirus"
"RT @WHO: @DrTedros ""Since yesterday, ğŸ‡©ğŸ‡°, ğŸ‡ªğŸ‡ª, ğŸ‡±ğŸ‡¹, ğŸ‡³ğŸ‡± &amp; ğŸ‡³ğŸ‡¬ have all reported their first #COVID19 cases. All these cases have links to #Italyâ€¦",,0,176,2098,77142,2020-02-28 17:37:41,False,,"#COVID19, #Italy"
"RT @Jerusalem_Post: #BREAKING: A seventh Israeli citizen has been diagnosed with #coronavirus, according to a statement by the Israeli Miniâ€¦",,0,22,11,1344,2020-02-28 17:37:33,False,,"#BREAKING, #coronavirus"
RT @Jasamsdestiny: The 1st confirmed case includes 5 family members who are also quarantined &amp; it is suspected the virus was brought back fâ€¦,"Dallas, TX",0,1,1149,142637,2020-02-28 17:37:16,False,,
I think that only seriously ill patients should be put in hospitals. Let the rest go for a walk. We are sick with tâ€¦ https://t.co/MeyFR2319a,,0,0,6,420,2020-02-28 17:37:11,False,,
"RT @Jerusalem_Post: #BREAKING: A seventh Israeli citizen has been diagnosed with #coronavirus, according to a statement by the Israeli Miniâ€¦",,0,22,141,63741,2020-02-28 17:37:08,False,,"#BREAKING, #coronavirus"
"RT @Jerusalem_Post: Four more people have died in #Italy from #coronavirus, bringing the total to 21.  https://t.co/BampPQAQ76","Paris, France",0,15,513,37128,2020-02-28 17:37:06,False,,"#Italy, #coronavirus"
"#BREAKING: A seventh Israeli citizen has been diagnosed with #coronavirus, according to a statement by the Israeliâ€¦ https://t.co/tJNGp91lBj",Israel,17,22,454279,226928,2020-02-28 17:36:46,True,,"#BREAKING, #coronavirus"
ğŸ”ºLast update 6.30 PM UTC (GMT+1) ~850 infected but 50 healed in Italy  #COVID19 #coronavirus #virus #news #Italy,"Lodi, Lombardia",1,0,33,83,2020-02-28 17:36:28,False,,"#COVID19, #coronavirus, #virus, #news, #Italy"
"RT @MIJamjoom: Shockingly quiet here in downtown #Milan. Due to the #coronavirus #outbreak in Northern #Italy, this city - usually so busyâ€¦",,0,1,343,277729,2020-02-28 17:36:16,False,,"#Milan, #coronavirus, #outbreak, #Italy"
Danke #Merkel! #Congo #migrants protest concert in #Paris! Burn down #GaredeLyon Now #Turkey says it will no longerâ€¦ https://t.co/UVgj7tiB8b,France,0,1,78,426,2020-02-28 17:35:28,False,,"#Merkel, #Congo, #migrants, #Paris, #GaredeLyon, #Turkey"
"RT @Jerusalem_Post: Four more people have died in #Italy from #coronavirus, bringing the total to 21.  https://t.co/BampPQAQ76",,0,15,2983,202736,2020-02-28 17:35:19,False,,"#Italy, #coronavirus"
"RT @newsfreak1984: #BREAKING  #Italy #coronavirus deaths rise to 21, positive cases 821  https://t.co/RnBXhyoQzK",,0,3,8,320,2020-02-28 17:33:13,False,,"#BREAKING, #Italy, #coronavirus"
"RT @WHO: @DrTedros ""Since yesterday, ğŸ‡©ğŸ‡°, ğŸ‡ªğŸ‡ª, ğŸ‡±ğŸ‡¹, ğŸ‡³ğŸ‡± &amp; ğŸ‡³ğŸ‡¬ have all reported their first #COVID19 cases. All these cases have links to #Italyâ€¦",LA.  ,0,176,227,106454,2020-02-28 17:32:59,False,,"#COVID19, #Italy"
"RT @Jerusalem_Post: Four more people have died in #Italy from #coronavirus, bringing the total to 21.  https://t.co/BampPQAQ76",Greece,0,15,10101,153672,2020-02-28 17:32:54,False,,"#Italy, #coronavirus"
RT @GertJanEU: The #EU's civil protection mechanism costs citizens just a fraction of a cent per day. It helps Member States getting accessâ€¦,"Rome, Latium",0,16,538,109916,2020-02-28 17:32:38,False,,#EU
"RT @newsfreak1984: #BREAKING  #Italy #coronavirus deaths rise to 21, positive cases 821  https://t.co/RnBXhyoQzK",Tuscany Italy,0,3,1176,59990,2020-02-28 17:32:26,False,,"#BREAKING, #Italy, #coronavirus"
"RT @MIJamjoom: BREAKING: Total number of #coronavirus cases in #Italy now stands at 821, according to Civil Protection Agency. Death toll nâ€¦","Utrecht, Nederland",0,3,3373,30462,2020-02-28 17:32:02,False,,"#coronavirus, #Italy"
"RT @MIJamjoom: BREAKING: Total number of #coronavirus cases in #Italy now stands at 821, according to Civil Protection Agency. Death toll nâ€¦",,0,3,343,277729,2020-02-28 17:31:40,False,,"#coronavirus, #Italy"
"RT @Jerusalem_Post: Four more people have died in #Italy from #coronavirus, bringing the total to 21.  https://t.co/BampPQAQ76",,0,15,183,21649,2020-02-28 17:31:28,False,,"#Italy, #coronavirus"
"#BREAKING  #Italy #coronavirus deaths rise to 21, positive cases 821  https://t.co/RnBXhyoQzK",,4,3,691,2038,2020-02-28 17:31:25,False,,"#BREAKING, #Italy, #coronavirus"
@DrPieterbaas Max 28days by 4 degree celcius as optimum temp for #viruses within a so called #enveloppe. To removeâ€¦ https://t.co/0g53FFIrW6,,0,0,0,5,2020-02-28 17:31:16,False,,"#viruses, #enveloppe"
"RT @MIJamjoom: BREAKING: Total number of #coronavirus cases in #Italy now stands at 821, according to Civil Protection Agency. Death toll nâ€¦",Sacramento ,0,3,1106,41908,2020-02-28 17:31:07,False,,"#coronavirus, #Italy"
"RT @WHO: @DrTedros ""Since yesterday, ğŸ‡©ğŸ‡°, ğŸ‡ªğŸ‡ª, ğŸ‡±ğŸ‡¹, ğŸ‡³ğŸ‡± &amp; ğŸ‡³ğŸ‡¬ have all reported their first #COVID19 cases. All these cases have links to #Italyâ€¦",Azerbaijan,0,176,689,24072,2020-02-28 17:31:05,False,,"#COVID19, #Italy"
"RT @adventuregirl: #Coronavirus latest: #US issues #travel advisories for #Italy, #Mongolia and #Iran https://t.co/uPYhp7JWu9 via @financiaâ€¦","Lagos, Indy, NYC, Abuja",0,1,53390,312712,2020-02-28 17:31:03,True,,"#Coronavirus, #US, #travel, #Italy, #Mongolia, #Iran"
"RT @Jerusalem_Post: Four more people have died in #Italy from #coronavirus, bringing the total to 21.  https://t.co/BampPQAQ76",H-Town,0,15,4495,352385,2020-02-28 17:31:01,False,,"#Italy, #coronavirus"
"BREAKING: Total number of #coronavirus cases in #Italy now stands at 821, according to Civil Protection Agency. Death toll now stands at 21.","Doha, Qatar",2,3,29735,22176,2020-02-28 17:30:49,True,,"#coronavirus, #Italy"
"RT @AdrianNBCLA: #Mexico also confirming two new cases of #coronavirus. One patient in Mexico City, the other in Sinaloa. One of the men waâ€¦",,0,7,174,2940,2020-02-28 17:30:29,False,,"#Mexico, #coronavirus"
"RT @newsaspect: #Italy, #coronavirus situation update: 821 cases in #Italy  https://t.co/fhxmvqo6eg https://t.co/fzxNN4SNv2",,0,3,6,453,2020-02-28 17:30:23,False,,"#Italy, #coronavirus, #Italy"
"RT @WHO: @DrTedros ""Since yesterday, ğŸ‡©ğŸ‡°, ğŸ‡ªğŸ‡ª, ğŸ‡±ğŸ‡¹, ğŸ‡³ğŸ‡± &amp; ğŸ‡³ğŸ‡¬ have all reported their first #COVID19 cases. All these cases have links to #Italyâ€¦",åƒè‘‰çœŒ,0,176,673,62385,2020-02-28 17:30:16,False,,"#COVID19, #Italy"
RT @Univ_inenglish: #CoronavirusMexico: #Mexicoâ€™s government said on Friday it had detected the first cases of #coronavirus infection (#COVâ€¦,en el castillo del vampiro,0,17,202,38353,2020-02-28 17:29:46,False,,"#CoronavirusMexico, #Mexico, #coronavirus"
RT @LifeOfET: 2020 so far ğŸ˜‚  #coronavirus #Turkey #covid2019 #CoronaVirusUpdates #italy #irancoronavirus #FridayFeeling https://t.co/c7t4kGâ€¦,HIVE.cafÃ©,0,17,737,10317,2020-02-28 17:29:45,False,,"#coronavirus, #Turkey, #covid2019, #CoronaVirusUpdates, #italy, #irancoronavirus, #FridayFeeling"
"RT @newsaspect: #Italy, #coronavirus situation update: 821 cases in #Italy  https://t.co/fhxmvqo6eg https://t.co/fzxNN4SNv2",,0,3,1326,77170,2020-02-28 17:29:37,False,,"#Italy, #coronavirus, #Italy"
"#SouthKoreağŸ‡°ğŸ‡· had 3 more deaths, total 16.  #ItalyğŸ‡®ğŸ‡¹ had 4 more deaths, total 21.  #IranğŸ‡®ğŸ‡· had 8 more deaths, totalâ€¦ https://t.co/rx3BCz1sKZ",,0,0,79,1070,2020-02-28 17:29:31,False,,"#SouthKorea, #Italy, #Iran"
"RT @Jerusalem_Post: Four more people have died in #Italy from #coronavirus, bringing the total to 21.  https://t.co/BampPQAQ76",,0,15,25,4695,2020-02-28 17:29:28,False,,"#Italy, #coronavirus"
"RT @Jerusalem_Post: Four more people have died in #Italy from #coronavirus, bringing the total to 21.  https://t.co/BampPQAQ76",,0,15,375,30625,2020-02-28 17:28:49,False,,"#Italy, #coronavirus"
"#Italy, #coronavirus situation update: 821 cases in #Italy  https://t.co/fhxmvqo6eg https://t.co/TKe4Dd8nbo https://t.co/fzxNN4SNv2",,6,3,17831,6029,2020-02-28 17:28:45,False,,"#Italy, #coronavirus, #Italy"
"RT @Jerusalem_Post: Four more people have died in #Italy from #coronavirus, bringing the total to 21.  https://t.co/BampPQAQ76","Yogyakarta, Indonesia",0,15,134602,268005,2020-02-28 17:28:45,True,,"#Italy, #coronavirus"
"RT @Jerusalem_Post: Four more people have died in #Italy from #coronavirus, bringing the total to 21.  https://t.co/BampPQAQ76",,0,15,11,1344,2020-02-28 17:28:41,False,,"#Italy, #coronavirus"
"RT @WHO: @DrTedros ""Since yesterday, ğŸ‡©ğŸ‡°, ğŸ‡ªğŸ‡ª, ğŸ‡±ğŸ‡¹, ğŸ‡³ğŸ‡± &amp; ğŸ‡³ğŸ‡¬ have all reported their first #COVID19 cases. All these cases have links to #Italyâ€¦",,0,176,88,2121,2020-02-28 17:28:17,False,,"#COVID19, #Italy"
RT @GinTips: 17 now dead in #Italy over 600 infected with #coronavirus travel ban in place #japan closes all schools #tourism crashes #stocâ€¦,Hiding underpebbles from virus,0,2,735,26603,2020-02-28 17:28:02,False,,"#Italy, #coronavirus, #japan, #tourism"
The 1st confirmed case includes 5 family members who are also quarantined &amp; it is suspected the virus was brought bâ€¦ https://t.co/pP47uHVM96,#TheResistance #Democracy #Truth   #Foster #Adopt  No pet left behind ğŸ¾,2,1,2128,45041,2020-02-28 17:27:59,False,,
"RT @Jerusalem_Post: Four more people have died in #Italy from #coronavirus, bringing the total to 21.  https://t.co/BampPQAQ76",California,0,15,3497,440761,2020-02-28 17:27:48,False,,"#Italy, #coronavirus"
Well if you had any doubts now would be a good time to leave #Israel  #coronavirus 7th case confirmed also returnedâ€¦ https://t.co/nvJkYaQuGP,,1,1,86,1159,2020-02-28 17:27:38,False,,"#Israel, #coronavirus"
"Four more people have died in #Italy from #coronavirus, bringing the total to 21.  https://t.co/BampPQAQ76",Israel,15,15,454279,226928,2020-02-28 17:27:36,True,,"#Italy, #coronavirus"
Second Dutch #coronavirus patient identified. She had also recently been in #Lombardy in #Italy.  #Netherlands https://t.co/Tnzmw9EY04,"Cape Town, South Africa",1,0,1232,23194,2020-02-28 17:27:31,False,,"#coronavirus, #Lombardy, #Italy, #Netherlands"
"RT @livecrisisnews: Codogno, #Italy closes schools, bars, eateries, and sporting facilities until at least Sunday after 6 cases of #coronavâ€¦",Hiding underpebbles from virus,0,86,735,26603,2020-02-28 17:27:23,False,,#Italy
"RT @JoeB14ck: ğŸ‡®ğŸ‡¹ - #Coronavirus Update: #Italy's latest numbers: 821 cases, 21 deaths",Nederland,0,1,2371,1401,2020-02-28 17:27:02,False,,"#Coronavirus, #Italy"
#dehligenocide #India #Modi #NewZealand @NewZealandToday #coronavirues #coronavirus #CODVID19 #Italy #TrumpVirusâ€¦ https://t.co/hjSMqlp9l8,On your cell phone screen,1,0,0,15,2020-02-28 17:25:25,False,,"#dehligenocide, #India, #Modi, #NewZealand, #coronavirues, #coronavirus, #CODVID19, #Italy, #TrumpVirus"
"ğŸ‡®ğŸ‡¹ - #Coronavirus Update: #Italy's latest numbers: 821 cases, 21 deaths",,0,1,1520,10088,2020-02-28 17:25:10,False,,"#Coronavirus, #Italy"
"RT @WHO: @DrTedros ""Since yesterday, ğŸ‡©ğŸ‡°, ğŸ‡ªğŸ‡ª, ğŸ‡±ğŸ‡¹, ğŸ‡³ğŸ‡± &amp; ğŸ‡³ğŸ‡¬ have all reported their first #COVID19 cases. All these cases have links to #Italyâ€¦",,0,176,3046,43581,2020-02-28 17:24:45,False,,"#COVID19, #Italy"
RT @realKyleOlbert: Racism towards #Chinaâ€™s people â€” who are victims of the #CCP â€” is reprehensible.  Hugging &amp; kissing strangers â€” of anyâ€¦,,0,160,53,1512,2020-02-28 17:23:35,False,,"#China, #CCP"
RT @realKyleOlbert: Racism towards #Chinaâ€™s people â€” who are victims of the #CCP â€” is reprehensible.  Hugging &amp; kissing strangers â€” of anyâ€¦,,0,160,692,10719,2020-02-28 17:22:47,False,,"#China, #CCP"
"RT @SuperyachtNews: ""As for the #marine industry, it is important to underline that the Made in Italy production continues without any probâ€¦","Rome, Lazio",0,1,133,3755,2020-02-28 17:22:41,False,,#marine
"RT @Jerusalem_Post: #BREAKING: A 6th Israeli citizen has been diagnosed with #coronavirus. The man lives in northern #Israel, returned fromâ€¦",,0,28,33,6453,2020-02-28 17:22:12,False,,"#BREAKING, #coronavirus, #Israel"
#Coronavirus circulated 'unnoticed for weeks' in #Italy: researcher https://t.co/7Z9iHJUReh,,0,0,6925,203772,2020-02-28 17:21:54,False,,"#Coronavirus, #Italy"
2019 COVID-19 outbreak and mass lockdown quarantine [martial law] investigation https://t.co/zWZtswRZi7â€¦ https://t.co/LW3DeSdtFt,,0,0,89,3486,2020-02-28 17:21:48,False,,
"RT @COVID19Update: #Lastest Update                  #Italy ğŸ‡®ğŸ‡¹ #Coronavirus  Italy, considered the epicenter of the coronavirus in Europe. Tâ€¦", ,0,22,4735,192678,2020-02-28 17:21:00,False,,"#Lastest, #Italy, #Coronavirus"
"RT @WHO: @DrTedros ""Since yesterday, ğŸ‡©ğŸ‡°, ğŸ‡ªğŸ‡ª, ğŸ‡±ğŸ‡¹, ğŸ‡³ğŸ‡± &amp; ğŸ‡³ğŸ‡¬ have all reported their first #COVID19 cases. All these cases have links to #Italyâ€¦",,0,176,372,126055,2020-02-28 17:20:44,False,,"#COVID19, #Italy"
"RT @Eurasiastan: #Kyrgyzstan bans entry for nationals of #China, #Iran, #Japan, #SouthKorea, #Italy over #coronavirus  â€œimposed in connectiâ€¦","Washington, DC",0,2,4402,25101,2020-02-28 17:20:33,False,,"#Kyrgyzstan, #China, #Iran, #Japan, #SouthKorea, #Italy, #coronavirus"
"""As for the #marine industry, it is important to underline that the Made in Italy production continues without anyâ€¦ https://t.co/pLW5TR7TU7","London, England",1,1,13859,9532,2020-02-28 17:20:23,False,,#marine
RT @Univ_inenglish: #CoronavirusMexico: #Mexicoâ€™s government said on Friday it had detected the first cases of #coronavirus infection (#COVâ€¦,"MÃ‰XICO, CITY",0,17,59,158,2020-02-28 17:19:52,False,,"#CoronavirusMexico, #Mexico, #coronavirus"
RT @JewishNewsUSA: Fear of the spreading #CoronaVirus is causing a global run on face masks.  Shortages in #Asia after outbreak became a crâ€¦,"New York, NY",0,1,3607,8250,2020-02-28 17:18:18,False,,"#CoronaVirus, #Asia"
RT @realKyleOlbert: Racism towards #Chinaâ€™s people â€” who are victims of the #CCP â€” is reprehensible.  Hugging &amp; kissing strangers â€” of anyâ€¦,,0,160,101,901,2020-02-28 17:16:29,False,,"#China, #CCP"
"RT @WHO: @DrTedros ""Since yesterday, ğŸ‡©ğŸ‡°, ğŸ‡ªğŸ‡ª, ğŸ‡±ğŸ‡¹, ğŸ‡³ğŸ‡± &amp; ğŸ‡³ğŸ‡¬ have all reported their first #COVID19 cases. All these cases have links to #Italyâ€¦",Nederland,0,176,4114,194385,2020-02-28 17:16:20,False,,"#COVID19, #Italy"
"RT @WHO: @DrTedros ""Since yesterday, ğŸ‡©ğŸ‡°, ğŸ‡ªğŸ‡ª, ğŸ‡±ğŸ‡¹, ğŸ‡³ğŸ‡± &amp; ğŸ‡³ğŸ‡¬ have all reported their first #COVID19 cases. All these cases have links to #Italyâ€¦",Mahalla ,0,176,1271,42732,2020-02-28 17:16:13,False,,"#COVID19, #Italy"
The deaths toll rises to 21 due to #coronavirus in #Italy. Number of infections to 821. #COVID2019 #Coronavid19,"Villa d'Adda, Lombardia ğŸ‡®ğŸ‡¹",0,0,128,1639,2020-02-28 17:15:30,False,,"#coronavirus, #Italy, #COVID2019, #Coronavid19"
RT @CoronaTurkeyEN: BREAKING: The Italian Ministry of Health reported 181 new cases. The total number of cases thus increased to 831. The câ€¦,,0,3,1,207,2020-02-28 17:14:30,False,,
RT @Robkearney1981: #coronavirus was already in #Europe before #Italy. Cases had been reported in France and Germany since January. Italy iâ€¦,,0,4,245,39971,2020-02-28 17:14:26,False,,"#coronavirus, #Europe, #Italy"
"#coronavirus outside of #china #Japan Confirmed: 228 Deaths: 4 Recovered: 22   #SouthKorea Confirmed: 2,337 Deaths:â€¦ https://t.co/hdWzXiBj0O",Georgia,1,0,142,42826,2020-02-28 17:13:50,False,,"#coronavirus, #china, #Japan, #SouthKorea"
RT @Univ_inenglish: #CoronavirusMexico: #Mexicoâ€™s government said on Friday it had detected the first cases of #coronavirus infection (#COVâ€¦,MÃ©xico,0,17,560,42871,2020-02-28 17:13:21,False,,"#CoronavirusMexico, #Mexico, #coronavirus"
RT @TulipPenney: #Australians in #Italy's #coronavirus 'red #zone' describe '#apocalypse-era' conditions https://t.co/bxjIUd1Rk1 @SBSNews,,0,2,281,3083,2020-02-28 17:13:10,False,,"#Australians, #Italy, #coronavirus, #zone, #apocalypse"
First confirmed #Croatia #COVID19 case is a man from #Zagreb who returned from #Italy on Feb20th after watchingâ€¦ https://t.co/0ZnNNvSNEc,,0,0,0,5,2020-02-28 17:13:09,False,,"#Croatia, #COVID19, #Zagreb, #Italy"
WHY is #USA ALLOWING travelers from #Italy to Enter US w/ NO #Corona Screening? @NIHDirector @CDC !?! That is INSANâ€¦ https://t.co/tonIJqQteB,THANK YOU!,0,0,50,1973,2020-02-28 17:13:05,False,,"#USA, #Italy, #Corona"
Rare footage of #italy going from 250 #coronavirus cases a day to 0. #COVID19italia #COVID2019 #coronavirusitalIa https://t.co/K9rrt3DbQU,"Madrid, Spain",0,0,17,264,2020-02-28 17:12:51,False,,"#italy, #coronavirus, #COVID19italia, #COVID2019, #coronavirusitalIa"
"RT @WHO: @DrTedros ""Since yesterday, ğŸ‡©ğŸ‡°, ğŸ‡ªğŸ‡ª, ğŸ‡±ğŸ‡¹, ğŸ‡³ğŸ‡± &amp; ğŸ‡³ğŸ‡¬ have all reported their first #COVID19 cases. All these cases have links to #Italyâ€¦",,0,176,71,503,2020-02-28 17:12:42,False,,"#COVID19, #Italy"
"RT @Jerusalem_Post: #BREAKING: A 6th Israeli citizen has been diagnosed with #coronavirus. The man lives in northern #Israel, returned fromâ€¦",,0,28,1,207,2020-02-28 17:11:50,False,,"#BREAKING, #coronavirus, #Israel"
"RT @AndreaBertaglio: Apparently what infected the entire world now, and not onlyÂ #Italy, is not a virus but an unbelievableÂ #psychosis. I sâ€¦",,0,6,4922,9424,2020-02-28 17:11:01,False,,"#Italy, #psychosis"
RT @GertJanEU: The #EU's civil protection mechanism costs citizens just a fraction of a cent per day. It helps Member States getting accessâ€¦,,0,16,1403,154316,2020-02-28 17:10:56,False,,#EU
RT @Univ_inenglish: #CoronavirusMexico: #Mexicoâ€™s government said on Friday it had detected the first cases of #coronavirus infection (#COVâ€¦,"ClaverÃ­a, Azcapotzalco",0,17,963,34656,2020-02-28 17:10:52,False,,"#CoronavirusMexico, #Mexico, #coronavirus"
"""Coronavirus outbreak can go in any direction,"" World Health Organization warns if we don't act.... #China #Iranâ€¦ https://t.co/v7Fx7dWrXV",online,0,0,626,38337,2020-02-28 17:10:00,False,,"#China, #Iran"
"RT @WHO: @DrTedros ""Since yesterday, ğŸ‡©ğŸ‡°, ğŸ‡ªğŸ‡ª, ğŸ‡±ğŸ‡¹, ğŸ‡³ğŸ‡± &amp; ğŸ‡³ğŸ‡¬ have all reported their first #COVID19 cases. All these cases have links to #Italyâ€¦","Honolulu, HI",0,176,35299,38576,2020-02-28 17:09:42,False,,"#COVID19, #Italy"
"RT @GETAnalysis: GETAnalysis: The extent of the #SeriousSpread of #CoronaVirus outside of #China today in #SouthKorea, #Italy, #Iran, etc iâ€¦",Global,0,1,1533,75017,2020-02-28 17:07:51,False,,"#SeriousSpread, #CoronaVirus, #China, #SouthKorea, #Italy, #Iran"
"RT @WHO: @DrTedros ""Since yesterday, ğŸ‡©ğŸ‡°, ğŸ‡ªğŸ‡ª, ğŸ‡±ğŸ‡¹, ğŸ‡³ğŸ‡± &amp; ğŸ‡³ğŸ‡¬ have all reported their first #COVID19 cases. All these cases have links to #Italyâ€¦",,0,176,29009,803174,2020-02-28 17:07:26,False,,"#COVID19, #Italy"
#Mexico confirms first #coronavirus cases in two men returned from #Italy  https://t.co/J2fOQ1GGHU,Al Hilal - C Ring Road,0,0,29224,165815,2020-02-28 17:07:26,True,,"#Mexico, #coronavirus, #Italy"
"RT @TheAltWorld: As is the case with most natural disasters, the #Coronavirus has triggered price gouging on basic items like hand sanitizeâ€¦","England, United Kingdom",0,12,1224,37948,2020-02-28 17:07:24,False,,#Coronavirus
"RT @WHO: @DrTedros ""Since yesterday, ğŸ‡©ğŸ‡°, ğŸ‡ªğŸ‡ª, ğŸ‡±ğŸ‡¹, ğŸ‡³ğŸ‡± &amp; ğŸ‡³ğŸ‡¬ have all reported their first #COVID19 cases. All these cases have links to #Italyâ€¦",L'Hospitalet de Llobregat,0,176,1067,129103,2020-02-28 17:06:30,False,,"#COVID19, #Italy"
RT @Univ_inenglish: #CoronavirusMexico: #Mexicoâ€™s government said on Friday it had detected the first cases of #coronavirus infection (#COVâ€¦,Mexico City,0,17,3876,102142,2020-02-28 17:06:28,False,,"#CoronavirusMexico, #Mexico, #coronavirus"
RT @GertJanEU: The #EU's civil protection mechanism costs citizens just a fraction of a cent per day. It helps Member States getting accessâ€¦,,0,16,22,383,2020-02-28 17:06:18,False,,#EU
"RT @WHO: @DrTedros ""Since yesterday, ğŸ‡©ğŸ‡°, ğŸ‡ªğŸ‡ª, ğŸ‡±ğŸ‡¹, ğŸ‡³ğŸ‡± &amp; ğŸ‡³ğŸ‡¬ have all reported their first #COVID19 cases. All these cases have links to #Italyâ€¦",,0,176,10551,316958,2020-02-28 17:05:38,False,,"#COVID19, #Italy"
RT @Univ_inenglish: #CoronavirusMexico: #Mexicoâ€™s government said on Friday it had detected the first cases of #coronavirus infection (#COVâ€¦,Mexico City youtube borrÃ³ nuestra cuenta,0,17,7699,130512,2020-02-28 17:05:19,False,,"#CoronavirusMexico, #Mexico, #coronavirus"
RT @realKyleOlbert: Racism towards #Chinaâ€™s people â€” who are victims of the #CCP â€” is reprehensible.  Hugging &amp; kissing strangers â€” of anyâ€¦,,0,160,247,18685,2020-02-28 17:05:08,False,,"#China, #CCP"
RT @GertJanEU: The #EU's civil protection mechanism costs citizens just a fraction of a cent per day. It helps Member States getting accessâ€¦,,0,16,115,10747,2020-02-28 17:04:26,False,,#EU
RT @GertJanEU: The #EU's civil protection mechanism costs citizens just a fraction of a cent per day. It helps Member States getting accessâ€¦,"Norwich, UK",0,16,10264,262150,2020-02-28 17:03:21,False,,#EU
"RT @WHO: @DrTedros ""Since yesterday, ğŸ‡©ğŸ‡°, ğŸ‡ªğŸ‡ª, ğŸ‡±ğŸ‡¹, ğŸ‡³ğŸ‡± &amp; ğŸ‡³ğŸ‡¬ have all reported their first #COVID19 cases. All these cases have links to #Italyâ€¦",United States,0,176,4491,15992,2020-02-28 17:02:46,False,,"#COVID19, #Italy"
RT @GertJanEU: The #EU's civil protection mechanism costs citizens just a fraction of a cent per day. It helps Member States getting accessâ€¦,"Dublin, Ireland",0,16,283,12786,2020-02-28 17:02:18,False,,#EU
"RT @WHO: @DrTedros ""Since yesterday, ğŸ‡©ğŸ‡°, ğŸ‡ªğŸ‡ª, ğŸ‡±ğŸ‡¹, ğŸ‡³ğŸ‡± &amp; ğŸ‡³ğŸ‡¬ have all reported their first #COVID19 cases. All these cases have links to #Italyâ€¦","Torino, e tanti treni",0,176,18141,36378,2020-02-28 16:59:53,True,,"#COVID19, #Italy"
RT @Univ_inenglish: #CoronavirusMexico: #Mexicoâ€™s government said on Friday it had detected the first cases of #coronavirus infection (#COVâ€¦,,0,17,80,70729,2020-02-28 16:59:35,False,,"#CoronavirusMexico, #Mexico, #coronavirus"
RT @Univ_inenglish: #CoronavirusMexico: #Mexicoâ€™s government said on Friday it had detected the first cases of #coronavirus infection (#COVâ€¦,"Veracruz, MÃ©xico ",0,17,25,86,2020-02-28 16:58:54,False,,"#CoronavirusMexico, #Mexico, #coronavirus"
"GETAnalysis: The extent of the #SeriousSpread of #CoronaVirus outside of #China today in #SouthKorea, #Italy, #Iranâ€¦ https://t.co/kuNoDvopHK",Global,1,1,1533,75017,2020-02-28 16:58:43,False,,"#SeriousSpread, #CoronaVirus, #China, #SouthKorea, #Italy, #Iran"
Prevention Tips for Coronavirus - https://t.co/46nOKiYGb7 . #UnitedStates #Germany #europe #Health #healthcareâ€¦ https://t.co/tD0SsNtMrc,,0,0,96,694,2020-02-28 16:58:04,False,,"#UnitedStates, #Germany, #europe, #Health, #healthcare"
RT @GertJanEU: The #EU's civil protection mechanism costs citizens just a fraction of a cent per day. It helps Member States getting accessâ€¦,"Dover, Kent, United Kingdom",0,16,1834,148274,2020-02-28 16:57:37,False,,#EU
#coronavirus #CoronaVirusUpdates #crisis these are interesting figures on the number of deaths. How was it that theâ€¦ https://t.co/LTDKG32bVZ,"Washington, DC",0,0,59,594,2020-02-28 16:57:30,False,,"#coronavirus, #CoronaVirusUpdates, #crisis"
RT @Univ_inenglish: #CoronavirusMexico: #Mexicoâ€™s government said on Friday it had detected the first cases of #coronavirus infection (#COVâ€¦,MÃ©xico,0,17,1266,23581,2020-02-28 16:57:28,False,,"#CoronavirusMexico, #Mexico, #coronavirus"
RT @GertJanEU: The #EU's civil protection mechanism costs citizens just a fraction of a cent per day. It helps Member States getting accessâ€¦,"BrÃ¼ssel, Belgien",0,16,45057,3676,2020-02-28 16:57:06,True,,#EU
"RT @GETAnalysis: The extent of the serious #spread of the #CoronaVirus outside of #China today, in #SouthKorea, #Italy, #Iran etc is primarâ€¦",Global,0,3,1533,75017,2020-02-28 16:57:03,False,,"#spread, #CoronaVirus, #China, #SouthKorea, #Italy, #Iran"
RT @Univ_inenglish: #CoronavirusMexico: #Mexicoâ€™s government said on Friday it had detected the first cases of #coronavirus infection (#COVâ€¦,Mexico,0,17,1112,38545,2020-02-28 16:56:52,False,,"#CoronavirusMexico, #Mexico, #coronavirus"
RT @realKyleOlbert: Racism towards #Chinaâ€™s people â€” who are victims of the #CCP â€” is reprehensible.  Hugging &amp; kissing strangers â€” of anyâ€¦,,0,160,320,16208,2020-02-28 16:55:49,False,,"#China, #CCP"
"RT @TheAltWorld: As is the case with most natural disasters, the #Coronavirus has triggered price gouging on basic items like hand sanitizeâ€¦",Everywhere,0,12,1552,26610,2020-02-28 16:54:57,False,,#Coronavirus
"RT @WHO: @DrTedros ""Since yesterday, ğŸ‡©ğŸ‡°, ğŸ‡ªğŸ‡ª, ğŸ‡±ğŸ‡¹, ğŸ‡³ğŸ‡± &amp; ğŸ‡³ğŸ‡¬ have all reported their first #COVID19 cases. All these cases have links to #Italyâ€¦","UAE , Dubai ",0,176,269,3612,2020-02-28 16:54:31,False,,"#COVID19, #Italy"
RT @Univ_inenglish: #CoronavirusMexico: #Mexicoâ€™s government said on Friday it had detected the first cases of #coronavirus infection (#COVâ€¦,Centro de la Ciudad de MÃ©xico,0,17,5374305,871082,2020-02-28 16:53:40,True,,"#CoronavirusMexico, #Mexico, #coronavirus"
RT @realKyleOlbert: Racism towards #Chinaâ€™s people â€” who are victims of the #CCP â€” is reprehensible.  Hugging &amp; kissing strangers â€” of anyâ€¦,,0,160,457,13844,2020-02-28 16:53:09,False,,"#China, #CCP"
"RT @Jerusalem_Post: #BREAKING: A 6th Israeli citizen has been diagnosed with #coronavirus. The man lives in northern #Israel, returned fromâ€¦",,0,28,278,16902,2020-02-28 16:53:01,False,,"#BREAKING, #coronavirus, #Israel"
"RT @WHO: @DrTedros ""Since yesterday, ğŸ‡©ğŸ‡°, ğŸ‡ªğŸ‡ª, ğŸ‡±ğŸ‡¹, ğŸ‡³ğŸ‡± &amp; ğŸ‡³ğŸ‡¬ have all reported their first #COVID19 cases. All these cases have links to #Italyâ€¦",location: by the free food,0,176,428,9656,2020-02-28 16:52:04,False,,"#COVID19, #Italy"
"RT @TheAltWorld: As is the case with most natural disasters, the #Coronavirus has triggered price gouging on basic items like hand sanitizeâ€¦",,0,12,15826,6577,2020-02-28 16:52:02,False,,#Coronavirus
RT @Univ_inenglish: #CoronavirusMexico: #Mexicoâ€™s government said on Friday it had detected the first cases of #coronavirus infection (#COVâ€¦,South Texas. ,0,17,640,44456,2020-02-28 16:51:38,False,,"#CoronavirusMexico, #Mexico, #coronavirus"
RT @Dystopia992: #Coronavirus â€” Life inside #Italyâ€™s quarantined zone.  https://t.co/HUWqJrf92T,,0,3,251,51106,2020-02-28 16:51:30,False,,"#Coronavirus, #Italy"
#CoronavirusMexico: #Mexicoâ€™s government said on Friday it had detected the first cases of #coronavirus infection (â€¦ https://t.co/N2avT4jgMC,,25,17,15340,28141,2020-02-28 16:50:57,False,,"#CoronavirusMexico, #Mexico, #coronavirus"
"RT @OxfordEconomics: In #Italy, after GDP contracted sharply in Q4 last year, the #coronavirus outbreak spells the near-certainty of a reneâ€¦",Uruguay,0,3,38,530,2020-02-28 16:50:08,False,,"#Italy, #coronavirus"
"RT @OxfordEconomics: In #Italy, after GDP contracted sharply in Q4 last year, the #coronavirus outbreak spells the near-certainty of a reneâ€¦",,0,3,62,47,2020-02-28 16:49:59,False,,"#Italy, #coronavirus"
RT @BeholdIsrael: #PopeFrancis cancelled a church service today after he was struck down with illness. The 83-year-year-old pontiff was notâ€¦,,0,272,15,231,2020-02-28 16:49:05,False,,#PopeFrancis
"RT @Jerusalem_Post: #Mexico detected its first cases of #coronavirus infection in two men who had recently traveled to #Italy, making the câ€¦","Ohio,LAS Vegas USA",0,14,2175,52872,2020-02-28 16:48:48,False,,"#Mexico, #coronavirus, #Italy"
"RT @OxfordEconomics: In #Italy, after GDP contracted sharply in Q4 last year, the #coronavirus outbreak spells the near-certainty of a reneâ€¦",MÃ©xico,0,3,1602,15207,2020-02-28 16:48:38,False,,"#Italy, #coronavirus"
"RT @WHO: @DrTedros ""Since yesterday, ğŸ‡©ğŸ‡°, ğŸ‡ªğŸ‡ª, ğŸ‡±ğŸ‡¹, ğŸ‡³ğŸ‡± &amp; ğŸ‡³ğŸ‡¬ have all reported their first #COVID19 cases. All these cases have links to #Italyâ€¦",,0,176,1197,54296,2020-02-28 16:48:23,False,,"#COVID19, #Italy"
"RT @WHO: @DrTedros ""Since yesterday, ğŸ‡©ğŸ‡°, ğŸ‡ªğŸ‡ª, ğŸ‡±ğŸ‡¹, ğŸ‡³ğŸ‡± &amp; ğŸ‡³ğŸ‡¬ have all reported their first #COVID19 cases. All these cases have links to #Italyâ€¦",United States,0,176,2179,80343,2020-02-28 16:47:24,False,,"#COVID19, #Italy"
Derivative not looking good in Italy ğŸ¤” #coronavirus #CoronavirusOutbreak #Italy https://t.co/EZ0bj7FSqf,,0,0,1003,107,2020-02-28 16:46:52,False,,"#coronavirus, #CoronavirusOutbreak, #Italy"
"In #Italy, after GDP contracted sharply in Q4 last year, the #coronavirus outbreak spells the near-certainty of a râ€¦ https://t.co/lsw6d0Gpk1",Global,3,3,14747,8522,2020-02-28 16:46:27,False,,"#Italy, #coronavirus"
RT @BeholdIsrael: #PopeFrancis cancelled a church service today after he was struck down with illness. The 83-year-year-old pontiff was notâ€¦,"West Coast, Wakanda ",0,272,676,11166,2020-02-28 16:46:18,False,,#PopeFrancis
"RT @Jerusalem_Post: #BREAKING: A 6th Israeli citizen has been diagnosed with #coronavirus. The man lives in northern #Israel, returned fromâ€¦","Ohio,LAS Vegas USA",0,28,2175,52872,2020-02-28 16:45:31,False,,"#BREAKING, #coronavirus, #Israel"
RT @LifeOfET: 2020 so far ğŸ˜‚  #coronavirus #Turkey #covid2019 #CoronaVirusUpdates #italy #irancoronavirus #FridayFeeling https://t.co/c7t4kGâ€¦,,0,17,275,21823,2020-02-28 16:45:28,False,,"#coronavirus, #Turkey, #covid2019, #CoronaVirusUpdates, #italy, #irancoronavirus, #FridayFeeling"
"RT @WHO: @DrTedros ""Since yesterday, ğŸ‡©ğŸ‡°, ğŸ‡ªğŸ‡ª, ğŸ‡±ğŸ‡¹, ğŸ‡³ğŸ‡± &amp; ğŸ‡³ğŸ‡¬ have all reported their first #COVID19 cases. All these cases have links to #Italyâ€¦",,0,176,1435,119262,2020-02-28 16:45:10,False,,"#COVID19, #Italy"
You Donâ€™t Owe Your Parents Anything - Noble Igwe . . . . .  #newsbreak #lagosnigeria #splufiknigerians #davidoâ€¦ https://t.co/pNbWEH4zoQ,"Lagos, Nigeria",0,0,10244,51333,2020-02-28 16:45:02,False,,"#newsbreak, #lagosnigeria, #splufiknigerians, #davido"
RT @chidambara09: #Coronavirus #fears spark #global panic-buying of #facemasks https://t.co/ZrsJ7DIigF   @MailOnline   #bigdata  #Twitter #â€¦,digitalocean,0,2,1302,95586,2020-02-28 16:43:30,False,,"#Coronavirus, #fears, #global, #facemasks, #bigdata, #Twitter"
"RT @AdrianNBCLA: #Mexico also confirming two new cases of #coronavirus. One patient in Mexico City, the other in Sinaloa. One of the men waâ€¦",Los Angeles,0,7,3372,27374,2020-02-28 16:42:47,False,,"#Mexico, #coronavirus"
"RT @WHO: @DrTedros ""Since yesterday, ğŸ‡©ğŸ‡°, ğŸ‡ªğŸ‡ª, ğŸ‡±ğŸ‡¹, ğŸ‡³ğŸ‡± &amp; ğŸ‡³ğŸ‡¬ have all reported their first #COVID19 cases. All these cases have links to #Italyâ€¦",United States,0,176,798,59560,2020-02-28 16:42:43,False,,"#COVID19, #Italy"
"RT @WHO: @DrTedros ""Since yesterday, ğŸ‡©ğŸ‡°, ğŸ‡ªğŸ‡ª, ğŸ‡±ğŸ‡¹, ğŸ‡³ğŸ‡± &amp; ğŸ‡³ğŸ‡¬ have all reported their first #COVID19 cases. All these cases have links to #Italyâ€¦",Tehran,0,176,14095,28499,2020-02-28 16:42:33,False,,"#COVID19, #Italy"
"RT @ThePIENews: Italian language schools in #Italy are open for business despite cases of #coronavirus in some areas of the country, accordâ€¦",United Kingdom,0,1,671,1879,2020-02-28 16:41:56,False,,"#Italy, #coronavirus"
"RT @Coronavirusmem1: Breaking news from #Italy, some things never change. #coronavirus https://t.co/zCRaQbUGkC",Tir NÃ¡ Lia,0,0,524,1945,2020-02-28 16:40:39,False,,"#Italy, #coronavirus"
"RT @WHO: @DrTedros ""Since yesterday, ğŸ‡©ğŸ‡°, ğŸ‡ªğŸ‡ª, ğŸ‡±ğŸ‡¹, ğŸ‡³ğŸ‡± &amp; ğŸ‡³ğŸ‡¬ have all reported their first #COVID19 cases. All these cases have links to #Italyâ€¦","Chandigarh, India",0,176,462,1985,2020-02-28 16:40:00,False,,"#COVID19, #Italy"
"RT @Jerusalem_Post: #BREAKING: A 6th Israeli citizen has been diagnosed with #coronavirus. The man lives in northern #Israel, returned fromâ€¦",,0,28,101,4743,2020-02-28 16:39:38,False,,"#BREAKING, #coronavirus, #Israel"
"RT @AdrianNBCLA: #Mexico also confirming two new cases of #coronavirus. One patient in Mexico City, the other in Sinaloa. One of the men waâ€¦",Southern California,0,7,498277,295178,2020-02-28 16:37:53,True,,"#Mexico, #coronavirus"
Italian language schools in #Italy are open for business despite cases of #coronavirus in some areas of the countryâ€¦ https://t.co/ZQP5hUkxPE,"London, UK",1,1,16928,16477,2020-02-28 16:37:31,False,,"#Italy, #coronavirus"
"RT @Jerusalem_Post: #BREAKING: A 6th Israeli citizen has been diagnosed with #coronavirus. The man lives in northern #Israel, returned fromâ€¦",,0,28,158,25224,2020-02-28 16:37:18,False,,"#BREAKING, #coronavirus, #Israel"
RT @CoronaTurkeyEN: BREAKING: The Italian Ministry of Health reported 181 new cases. The total number of cases thus increased to 831. The câ€¦,,0,3,43312,227876,2020-02-28 16:36:31,False,,
"RT @WHO: @DrTedros ""Since yesterday, ğŸ‡©ğŸ‡°, ğŸ‡ªğŸ‡ª, ğŸ‡±ğŸ‡¹, ğŸ‡³ğŸ‡± &amp; ğŸ‡³ğŸ‡¬ have all reported their first #COVID19 cases. All these cases have links to #Italyâ€¦",664 oh i forget...,0,176,100,5255,2020-02-28 16:36:12,False,,"#COVID19, #Italy"
"RT @Jerusalem_Post: #BREAKING: A 6th Israeli citizen has been diagnosed with #coronavirus. The man lives in northern #Israel, returned fromâ€¦","Cartagena, Colombia",0,28,1331,51991,2020-02-28 16:35:38,False,,"#BREAKING, #coronavirus, #Israel"
"RT @WHO: @DrTedros ""Since yesterday, ğŸ‡©ğŸ‡°, ğŸ‡ªğŸ‡ª, ğŸ‡±ğŸ‡¹, ğŸ‡³ğŸ‡± &amp; ğŸ‡³ğŸ‡¬ have all reported their first #COVID19 cases. All these cases have links to #Italyâ€¦","à¸ˆ.à¸™à¸„à¸£à¸¨à¸£à¸µà¸˜à¸£à¸£à¸¡à¸£à¸²à¸Š, à¸›à¸£à¸°à¹€à¸—à¸¨à¹„à¸—à¸¢",0,176,16779,2211515,2020-02-28 16:35:38,False,,"#COVID19, #Italy"
ğŸ‡®ğŸ‡¹ğŸ’• #Love #Italy @visititalytoday  NO #coronavirus Amazing ğŸ‡®ğŸ‡¹ğŸŒºğŸŒ¼ Italia ğŸ‡®ğŸ‡¹ğŸ’š https://t.co/n7Zl8gBo0Z,Italia,0,0,972,42742,2020-02-28 16:35:14,False,,"#Love, #Italy, #coronavirus"
RT @chidambara09: #Coronavirus #fears spark #global panic-buying of #facemasks https://t.co/ZrsJ7DIigF   @MailOnline   #bigdata  #Twitter #â€¦,Raspberry Pi,0,2,1242,143961,2020-02-28 16:35:04,False,,"#Coronavirus, #fears, #global, #facemasks, #bigdata, #Twitter"
#Coronavirus #fears spark #global panic-buying of #facemasks https://t.co/ZrsJ7DIigF   @MailOnline   #bigdataâ€¦ https://t.co/kIp9RfkThF,Mysore  and  BERLIN,0,2,6263,918683,2020-02-28 16:35:00,False,,"#Coronavirus, #fears, #global, #facemasks, #bigdata"
"RT @Jerusalem_Post: #BREAKING: A 6th Israeli citizen has been diagnosed with #coronavirus. The man lives in northern #Israel, returned fromâ€¦",,0,28,24,1326,2020-02-28 16:35:00,False,,"#BREAKING, #coronavirus, #Israel"
"RT @WHO: @DrTedros ""Since yesterday, ğŸ‡©ğŸ‡°, ğŸ‡ªğŸ‡ª, ğŸ‡±ğŸ‡¹, ğŸ‡³ğŸ‡± &amp; ğŸ‡³ğŸ‡¬ have all reported their first #COVID19 cases. All these cases have links to #Italyâ€¦",Kampala-Munyonyo,0,176,472,7819,2020-02-28 16:34:46,False,,"#COVID19, #Italy"
"RT @WHO: @DrTedros ""Since yesterday, ğŸ‡©ğŸ‡°, ğŸ‡ªğŸ‡ª, ğŸ‡±ğŸ‡¹, ğŸ‡³ğŸ‡± &amp; ğŸ‡³ğŸ‡¬ have all reported their first #COVID19 cases. All these cases have links to #Italyâ€¦","West Palm Beach, FL",0,176,4656,317515,2020-02-28 16:34:42,False,,"#COVID19, #Italy"
"RT @Jerusalem_Post: #BREAKING: A 6th Israeli citizen has been diagnosed with #coronavirus. The man lives in northern #Israel, returned fromâ€¦",,0,28,1915,38121,2020-02-28 16:34:08,False,,"#BREAKING, #coronavirus, #Israel"
"RT @WHO: @DrTedros ""Since yesterday, ğŸ‡©ğŸ‡°, ğŸ‡ªğŸ‡ª, ğŸ‡±ğŸ‡¹, ğŸ‡³ğŸ‡± &amp; ğŸ‡³ğŸ‡¬ have all reported their first #COVID19 cases. All these cases have links to #Italyâ€¦",,0,176,71,1987,2020-02-28 16:34:05,False,,"#COVID19, #Italy"
BREAKING: The Italian Ministry of Health reported 181 new cases. The total number of cases thus increased to 831. Tâ€¦ https://t.co/8E73s1rXUL,Worldwide,0,3,997,277,2020-02-28 16:33:58,False,,
RT @forooInc: Anyone know the resource of this video? I got to follow him ğŸ˜â£ â£â£ #italy #virus #uk #us #iran #sars #coronavirus #corona #ncoâ€¦,USA,0,3,269,22842,2020-02-28 16:33:38,False,,"#italy, #virus, #uk, #us, #iran, #sars, #coronavirus, #corona"
RT @LifeOfET: 2020 so far ğŸ˜‚  #coronavirus #Turkey #covid2019 #CoronaVirusUpdates #italy #irancoronavirus #FridayFeeling https://t.co/c7t4kGâ€¦,"Brooklyn, NY",0,17,19,106,2020-02-28 16:32:08,False,,"#coronavirus, #Turkey, #covid2019, #CoronaVirusUpdates, #italy, #irancoronavirus, #FridayFeeling"
"RT @Jerusalem_Post: #BREAKING: A 6th Israeli citizen has been diagnosed with #coronavirus. The man lives in northern #Israel, returned fromâ€¦","Jerusalem, Israel",0,28,15,1679,2020-02-28 16:32:05,False,,"#BREAKING, #coronavirus, #Israel"
"RT @Jerusalem_Post: #BREAKING: A 6th Israeli citizen has been diagnosed with #coronavirus. The man lives in northern #Israel, returned fromâ€¦",Malaysia,0,28,309,32387,2020-02-28 16:30:55,False,,"#BREAKING, #coronavirus, #Israel"
"RT @Jerusalem_Post: #BREAKING: A 6th Israeli citizen has been diagnosed with #coronavirus. The man lives in northern #Israel, returned fromâ€¦",,0,28,375,30625,2020-02-28 16:30:27,False,,"#BREAKING, #coronavirus, #Israel"
"RT @Jerusalem_Post: #BREAKING: A 6th Israeli citizen has been diagnosed with #coronavirus. The man lives in northern #Israel, returned fromâ€¦",,0,28,2348,322525,2020-02-28 16:29:37,False,,"#BREAKING, #coronavirus, #Israel"
"RT @Jerusalem_Post: #BREAKING: A 6th Israeli citizen has been diagnosed with #coronavirus. The man lives in northern #Israel, returned fromâ€¦",,0,28,2063,229421,2020-02-28 16:29:28,False,,"#BREAKING, #coronavirus, #Israel"
"RT @BolognaFiere: Cosmoprof Worldwide Bologna Postponed! Due to the #coronavirus, the 2020 edition will be postponed to June 11-15, 2020. #â€¦",,0,14,1722,28539,2020-02-28 16:29:27,False,,#coronavirus
"RT @Jerusalem_Post: #BREAKING: A 6th Israeli citizen has been diagnosed with #coronavirus. The man lives in northern #Israel, returned fromâ€¦","Levallois-Perret, France",0,28,99,9609,2020-02-28 16:28:37,False,,"#BREAKING, #coronavirus, #Israel"
"RT @Jerusalem_Post: #BREAKING: A 6th Israeli citizen has been diagnosed with #coronavirus. The man lives in northern #Israel, returned fromâ€¦",,0,28,351,78836,2020-02-28 16:28:32,False,,"#BREAKING, #coronavirus, #Israel"
"RT @BolognaFiere: Cosmoprof Worldwide Bologna Postponed! Due to the #coronavirus, the 2020 edition will be postponed to June 11-15, 2020. #â€¦",Viale della Fiera 20 #Bologna,0,14,10342,35554,2020-02-28 16:28:22,False,,#coronavirus
RT @realKyleOlbert: Racism towards #Chinaâ€™s people â€” who are victims of the #CCP â€” is reprehensible.  Hugging &amp; kissing strangers â€” of anyâ€¦,Hong Kong,0,160,517,26991,2020-02-28 16:27:27,False,,"#China, #CCP"
"RT @WHO: @DrTedros ""Since yesterday, ğŸ‡©ğŸ‡°, ğŸ‡ªğŸ‡ª, ğŸ‡±ğŸ‡¹, ğŸ‡³ğŸ‡± &amp; ğŸ‡³ğŸ‡¬ have all reported their first #COVID19 cases. All these cases have links to #Italyâ€¦","ÃœT: 10.51084,-66.893584",0,176,109,498,2020-02-28 16:27:22,False,,"#COVID19, #Italy"
"RT @Jerusalem_Post: #BREAKING: A 6th Israeli citizen has been diagnosed with #coronavirus. The man lives in northern #Israel, returned fromâ€¦",United States,0,28,2135,18638,2020-02-28 16:27:20,False,,"#BREAKING, #coronavirus, #Israel"
RT @realKyleOlbert: Racism towards #Chinaâ€™s people â€” who are victims of the #CCP â€” is reprehensible.  Hugging &amp; kissing strangers â€” of anyâ€¦,Hong Kong,0,160,1540,20645,2020-02-28 16:27:05,False,,"#China, #CCP"
"#Athens - Friday evening, #treatyourself time. I go for a manicure, I talk to the lady and she asks me where Iâ€™m frâ€¦ https://t.co/Sthh09E1gi",Irgendwo,0,0,69,325,2020-02-28 16:26:52,False,,"#Athens, #treatyourself"
"RT @WHO: @DrTedros ""Since yesterday, ğŸ‡©ğŸ‡°, ğŸ‡ªğŸ‡ª, ğŸ‡±ğŸ‡¹, ğŸ‡³ğŸ‡± &amp; ğŸ‡³ğŸ‡¬ have all reported their first #COVID19 cases. All these cases have links to #Italyâ€¦",,0,176,2302,109718,2020-02-28 16:26:39,False,,"#COVID19, #Italy"
RT @Dystopia992: #Coronavirus â€” Life inside #Italyâ€™s quarantined zone.  https://t.co/HUWqJrf92T,,0,3,11304,119797,2020-02-28 16:26:34,False,,"#Coronavirus, #Italy"
"RT @Jerusalem_Post: #BREAKING: A 6th Israeli citizen has been diagnosed with #coronavirus. The man lives in northern #Israel, returned fromâ€¦",Ecuador,0,28,771,414145,2020-02-28 16:26:03,False,,"#BREAKING, #coronavirus, #Israel"
"RT @Jerusalem_Post: #BREAKING: A 6th Israeli citizen has been diagnosed with #coronavirus. The man lives in northern #Israel, returned fromâ€¦",Minneapolis,0,28,5533,144637,2020-02-28 16:25:26,False,,"#BREAKING, #coronavirus, #Israel"
"#BREAKING: A 6th Israeli citizen has been diagnosed with #coronavirus. The man lives in northern #Israel, returnedâ€¦ https://t.co/ncYti8nIAs",Israel,33,28,454279,226928,2020-02-28 16:25:16,True,,"#BREAKING, #coronavirus, #Israel"
RT @Dystopia992: #Coronavirus â€” Life inside #Italyâ€™s quarantined zone.  https://t.co/HUWqJrf92T https://t.co/lUGz4LmIlA,,0,3,92,24370,2020-02-28 16:24:16,False,,"#Coronavirus, #Italy"
"""#PopeFrancis cancels Mass over â€˜slightâ€™ illness amid #Italy #CoronavirusOutbreak""  Churches in Northern Italy haveâ€¦ https://t.co/Skql68mOwt",Manna-hata,0,0,3570,39352,2020-02-28 16:23:43,False,,"#PopeFrancis, #Italy, #CoronavirusOutbreak"
RT @realKyleOlbert: Racism towards #Chinaâ€™s people â€” who are victims of the #CCP â€” is reprehensible.  Hugging &amp; kissing strangers â€” of anyâ€¦,Vancouver,0,160,994,37141,2020-02-28 16:23:36,False,,"#China, #CCP"
"RT @littleboypc: Here you see only my city, #Piacenza, founded by romans 200 years before Christ, where you can find history, nature, foodâ€¦",,0,16,986,48139,2020-02-28 16:22:45,False,,#Piacenza
#Coronavirus â€” Life inside #Italyâ€™s quarantined zone.  https://t.co/HUWqJrf92T https://t.co/lUGz4LmIlA,Hong Kong,0,3,14755,4442,2020-02-28 16:22:40,False,,"#Coronavirus, #Italy"
"RT @WHO: @DrTedros ""Since yesterday, ğŸ‡©ğŸ‡°, ğŸ‡ªğŸ‡ª, ğŸ‡±ğŸ‡¹, ğŸ‡³ğŸ‡± &amp; ğŸ‡³ğŸ‡¬ have all reported their first #COVID19 cases. All these cases have links to #Italyâ€¦","Olive Branch, MS",0,176,134,2676,2020-02-28 16:22:34,False,,"#COVID19, #Italy"
"RT @WHO: @DrTedros ""Since yesterday, ğŸ‡©ğŸ‡°, ğŸ‡ªğŸ‡ª, ğŸ‡±ğŸ‡¹, ğŸ‡³ğŸ‡± &amp; ğŸ‡³ğŸ‡¬ have all reported their first #COVID19 cases. All these cases have links to #Italyâ€¦",,0,176,403,22111,2020-02-28 16:22:01,False,,"#COVID19, #Italy"
RT @LifeOfET: 2020 so far ğŸ˜‚  #coronavirus #Turkey #covid2019 #CoronaVirusUpdates #italy #irancoronavirus #FridayFeeling https://t.co/c7t4kGâ€¦,UK,0,17,10,15,2020-02-28 16:21:49,False,,"#coronavirus, #Turkey, #covid2019, #CoronaVirusUpdates, #italy, #irancoronavirus, #FridayFeeling"
"RT @WHO: @DrTedros ""Since yesterday, ğŸ‡©ğŸ‡°, ğŸ‡ªğŸ‡ª, ğŸ‡±ğŸ‡¹, ğŸ‡³ğŸ‡± &amp; ğŸ‡³ğŸ‡¬ have all reported their first #COVID19 cases. All these cases have links to #Italyâ€¦",é–¢æ±åœ°æ–¹,0,176,294,4884,2020-02-28 16:21:26,False,,"#COVID19, #Italy"
RT @livecrisisnews: Italy #Coronavirus Clip: people fleeing as people in hazmat suits swoop in to take away a coronavirus infected person iâ€¦,,0,213,10,2948,2020-02-28 16:21:24,False,,#Coronavirus
RT @BeholdIsrael: #PopeFrancis cancelled a church service today after he was struck down with illness. The 83-year-year-old pontiff was notâ€¦,Gold Coast,0,272,2116,96330,2020-02-28 16:21:08,False,,#PopeFrancis
"RT @WHO: @DrTedros ""Since yesterday, ğŸ‡©ğŸ‡°, ğŸ‡ªğŸ‡ª, ğŸ‡±ğŸ‡¹, ğŸ‡³ğŸ‡± &amp; ğŸ‡³ğŸ‡¬ have all reported their first #COVID19 cases. All these cases have links to #Italyâ€¦",Kerala from Canada,0,176,0,291,2020-02-28 16:21:01,False,,"#COVID19, #Italy"
RT @realKyleOlbert: Racism towards #Chinaâ€™s people â€” who are victims of the #CCP â€” is reprehensible.  Hugging &amp; kissing strangers â€” of anyâ€¦,"Queensland, Australia",0,160,2103,8151,2020-02-28 16:20:35,False,,"#China, #CCP"
RT @realKyleOlbert: Racism towards #Chinaâ€™s people â€” who are victims of the #CCP â€” is reprehensible.  Hugging &amp; kissing strangers â€” of anyâ€¦,,0,160,92,24370,2020-02-28 16:20:07,False,,"#China, #CCP"
RT @realKyleOlbert: Racism towards #Chinaâ€™s people â€” who are victims of the #CCP â€” is reprehensible.  Hugging &amp; kissing strangers â€” of anyâ€¦,Hong Kong,0,160,200,2240,2020-02-28 16:19:24,False,,"#China, #CCP"
RT @realKyleOlbert: Racism towards #Chinaâ€™s people â€” who are victims of the #CCP â€” is reprehensible.  Hugging &amp; kissing strangers â€” of anyâ€¦,Hong Kong ,0,160,232,2416,2020-02-28 16:19:08,False,,"#China, #CCP"
"RT @nikki_miumiu: Pope Francis sick a day after supporting #Coronavirus sufferers, the #Vatican has not specified the nature of the popeâ€™sâ€¦",Taiwan,0,217,479,4964,2020-02-28 16:19:08,False,,"#Coronavirus, #Vatican"
RT @arashke89: 60 confirmed #coronavirus infected cases in #Germany and 655 in #Italy. Seems like they are living the dream of conquering Eâ€¦,,0,1,52,1638,2020-02-28 16:18:41,False,,"#coronavirus, #Germany, #Italy"
RT @tavisupleba: #Georgia confirms second case of #coronavirus - a young Georgian back from a visit to #Italy. First case on Tuesday was aâ€¦,Between Berlin and Tbilisi,0,2,4320,98689,2020-02-28 16:18:37,False,,"#Georgia, #coronavirus, #Italy"
RT @realKyleOlbert: Racism towards #Chinaâ€™s people â€” who are victims of the #CCP â€” is reprehensible.  Hugging &amp; kissing strangers â€” of anyâ€¦,Hong Kong,0,160,14755,4442,2020-02-28 16:18:35,False,,"#China, #CCP"
https://t.co/tHdrpNQcG8 Short-term impact of #coronavirus on #Italy demand to remain limited #NaturalGas,,2,0,38,112,2020-02-28 16:18:12,False,,"#coronavirus, #Italy, #NaturalGas"
